monate_seit_einfuehrung_programm_kohorte,monat,monat_jahr,monat_monat,monat_jahreszeit,kohorte,kohorte_jahr,kohorte_monat,kohorte_jahreszeit,erster_monat_kohorte_fg,monate_seit_existenz_kohorte,kohortengroesse_indexiert,identifizierte_kunden_indexiert,rabatt_indexiert,retentionrate
-2,201408,2014,8,Sommer,201408,2014,8,Sommer,True,0,0.41,0.41,2.54,100.0
-2,201409,2014,9,Herbst,201408,2014,8,Sommer,False,1,0.41,0.4,7.14,97.56097560975611
-2,201410,2014,10,Herbst,201408,2014,8,Sommer,False,2,0.41,0.39,9.28,95.1219512195122
-2,201411,2014,11,Herbst,201408,2014,8,Sommer,False,3,0.41,0.38,3.22,92.6829268292683
-2,201412,2014,12,Winter,201408,2014,8,Sommer,False,4,0.41,0.38,7.15,92.6829268292683
-2,201501,2015,1,Winter,201408,2014,8,Sommer,False,5,0.41,0.37,3.39,90.2439024390244
-2,201502,2015,2,Winter,201408,2014,8,Sommer,False,6,0.41,0.36,2.26,87.8048780487805
-2,201503,2015,3,Frühling,201408,2014,8,Sommer,False,7,0.41,0.35,2.88,85.36585365853658
-2,201504,2015,4,Frühling,201408,2014,8,Sommer,False,8,0.41,0.35,2.63,85.36585365853658
-2,201505,2015,5,Frühling,201408,2014,8,Sommer,False,9,0.41,0.35,3.3,85.36585365853658
-2,201506,2015,6,Sommer,201408,2014,8,Sommer,False,10,0.41,0.35,5.1,85.36585365853658
-2,201507,2015,7,Sommer,201408,2014,8,Sommer,False,11,0.41,0.34,3.07,82.92682926829269
-2,201508,2015,8,Sommer,201408,2014,8,Sommer,False,12,0.41,0.34,2.75,82.92682926829269
-2,201509,2015,9,Herbst,201408,2014,8,Sommer,False,13,0.41,0.33,2.32,80.48780487804879
-2,201510,2015,10,Herbst,201408,2014,8,Sommer,False,14,0.41,0.34,2.65,82.92682926829269
-2,201511,2015,11,Herbst,201408,2014,8,Sommer,False,15,0.41,0.34,2.56,82.92682926829269
-2,201512,2015,12,Winter,201408,2014,8,Sommer,False,16,0.41,0.34,3.17,82.92682926829269
-2,201601,2016,1,Winter,201408,2014,8,Sommer,False,17,0.41,0.32,2.48,78.04878048780488
-2,201602,2016,2,Winter,201408,2014,8,Sommer,False,18,0.41,0.34,3.43,82.92682926829269
-2,201603,2016,3,Frühling,201408,2014,8,Sommer,False,19,0.41,0.32,3.2,78.04878048780488
-2,201604,2016,4,Frühling,201408,2014,8,Sommer,False,20,0.41,0.33,4.67,80.48780487804879
-2,201605,2016,5,Frühling,201408,2014,8,Sommer,False,21,0.41,0.32,3.57,78.04878048780488
-2,201606,2016,6,Sommer,201408,2014,8,Sommer,False,22,0.41,0.33,4.85,80.48780487804879
-2,201607,2016,7,Sommer,201408,2014,8,Sommer,False,23,0.41,0.33,2.86,80.48780487804879
-2,201608,2016,8,Sommer,201408,2014,8,Sommer,False,24,0.41,0.32,3.78,78.04878048780488
-2,201609,2016,9,Herbst,201408,2014,8,Sommer,False,25,0.41,0.33,4.3,80.48780487804879
-2,201610,2016,10,Herbst,201408,2014,8,Sommer,False,26,0.41,0.33,4.77,80.48780487804879
-2,201611,2016,11,Herbst,201408,2014,8,Sommer,False,27,0.41,0.34,8.0,82.92682926829269
-2,201612,2016,12,Winter,201408,2014,8,Sommer,False,28,0.41,0.35,9.73,85.36585365853658
-2,201701,2017,1,Winter,201408,2014,8,Sommer,False,29,0.41,0.33,4.23,80.48780487804879
-2,201702,2017,2,Winter,201408,2014,8,Sommer,False,30,0.41,0.33,5.39,80.48780487804879
-2,201703,2017,3,Frühling,201408,2014,8,Sommer,False,31,0.41,0.34,7.71,82.92682926829269
-2,201704,2017,4,Frühling,201408,2014,8,Sommer,False,32,0.41,0.34,4.83,82.92682926829269
-2,201705,2017,5,Frühling,201408,2014,8,Sommer,False,33,0.41,0.33,3.44,80.48780487804879
-2,201706,2017,6,Sommer,201408,2014,8,Sommer,False,34,0.41,0.32,4.16,78.04878048780488
-2,201707,2017,7,Sommer,201408,2014,8,Sommer,False,35,0.41,0.33,3.79,80.48780487804879
-2,201708,2017,8,Sommer,201408,2014,8,Sommer,False,36,0.41,0.31,2.9,75.60975609756098
-1,201409,2014,9,Herbst,201409,2014,9,Herbst,True,0,27.34,27.34,47.67,100.0
-1,201410,2014,10,Herbst,201409,2014,9,Herbst,False,1,27.34,26.22,252.32,95.90343818580833
-1,201411,2014,11,Herbst,201409,2014,9,Herbst,False,2,27.34,23.16,96.07,84.71104608632041
-1,201412,2014,12,Winter,201409,2014,9,Herbst,False,3,27.34,23.62,149.79,86.39356254572056
-1,201501,2015,1,Winter,201409,2014,9,Herbst,False,4,27.34,22.8,95.79,83.39429407461594
-1,201502,2015,2,Winter,201409,2014,9,Herbst,False,5,27.34,22.55,73.62,82.47988295537674
-1,201503,2015,3,Frühling,201409,2014,9,Herbst,False,6,27.34,22.32,86.98,81.63862472567666
-1,201504,2015,4,Frühling,201409,2014,9,Herbst,False,7,27.34,21.59,78.78,78.96854425749818
-1,201505,2015,5,Frühling,201409,2014,9,Herbst,False,8,27.34,21.72,96.85,79.44403803950254
-1,201506,2015,6,Sommer,201409,2014,9,Herbst,False,9,27.34,21.67,136.43,79.26115581565473
-1,201507,2015,7,Sommer,201409,2014,9,Herbst,False,10,27.34,21.47,117.33,78.52962692026335
-1,201508,2015,8,Sommer,201409,2014,9,Herbst,False,11,27.34,21.37,94.39,78.16386247256767
-1,201509,2015,9,Herbst,201409,2014,9,Herbst,False,12,27.34,21.83,77.03,79.8463789319678
-1,201510,2015,10,Herbst,201409,2014,9,Herbst,False,13,27.34,21.61,92.53,79.0416971470373
-1,201511,2015,11,Herbst,201409,2014,9,Herbst,False,14,27.34,21.07,87.3,77.06656912948061
-1,201512,2015,12,Winter,201409,2014,9,Herbst,False,15,27.34,21.24,91.71,77.68836869056327
-1,201601,2016,1,Winter,201409,2014,9,Herbst,False,16,27.34,21.15,92.3,77.35918068763715
-1,201602,2016,2,Winter,201409,2014,9,Herbst,False,17,27.34,21.22,116.25,77.61521580102414
-1,201603,2016,3,Frühling,201409,2014,9,Herbst,False,18,27.34,21.36,105.57,78.12728602779809
-1,201604,2016,4,Frühling,201409,2014,9,Herbst,False,19,27.34,21.37,137.75,78.16386247256767
-1,201605,2016,5,Frühling,201409,2014,9,Herbst,False,20,27.34,21.44,127.73,78.41989758595464
-1,201606,2016,6,Sommer,201409,2014,9,Herbst,False,21,27.34,21.74,168.71,79.51719092904169
-1,201607,2016,7,Sommer,201409,2014,9,Herbst,False,22,27.34,21.57,127.63,78.89539136795904
-1,201608,2016,8,Sommer,201409,2014,9,Herbst,False,23,27.34,21.21,133.29,77.57863935625457
-1,201609,2016,9,Herbst,201409,2014,9,Herbst,False,24,27.34,21.35,167.83,78.09070958302854
-1,201610,2016,10,Herbst,201409,2014,9,Herbst,False,25,27.34,21.96,177.07,80.32187271397221
-1,201611,2016,11,Herbst,201409,2014,9,Herbst,False,26,27.34,22.04,278.52,80.61448427212875
-1,201612,2016,12,Winter,201409,2014,9,Herbst,False,27,27.34,22.24,240.83,81.34601316752011
-1,201701,2017,1,Winter,201409,2014,9,Herbst,False,28,27.34,21.74,134.95,79.51719092904169
-1,201702,2017,2,Winter,201409,2014,9,Herbst,False,29,27.34,21.84,214.82,79.88295537673739
-1,201703,2017,3,Frühling,201409,2014,9,Herbst,False,30,27.34,22.09,261.42,80.79736649597659
-1,201704,2017,4,Frühling,201409,2014,9,Herbst,False,31,27.34,21.9,195.11,80.10241404535479
-1,201705,2017,5,Frühling,201409,2014,9,Herbst,False,32,27.34,21.73,141.81,79.48061448427212
-1,201706,2017,6,Sommer,201409,2014,9,Herbst,False,33,27.34,21.69,159.71,79.33430870519386
-1,201707,2017,7,Sommer,201409,2014,9,Herbst,False,34,27.34,21.36,155.12,78.12728602779809
-1,201708,2017,8,Sommer,201409,2014,9,Herbst,False,35,27.34,21.12,116.37,77.24945135332845
0,201410,2014,10,Herbst,201410,2014,10,Herbst,True,0,375.13,375.13,1454.05,100.0
0,201411,2014,11,Herbst,201410,2014,10,Herbst,False,1,375.13,283.83,694.96,75.66177058619678
0,201412,2014,12,Winter,201410,2014,10,Herbst,False,2,375.13,281.02,1023.05,74.91269693173032
0,201501,2015,1,Winter,201410,2014,10,Herbst,False,3,375.13,261.53,663.61,69.71716471623171
0,201502,2015,2,Winter,201410,2014,10,Herbst,False,4,375.13,257.32,515.12,68.59488710580332
0,201503,2015,3,Frühling,201410,2014,10,Herbst,False,5,375.13,253.09,547.98,67.46727801028976
0,201504,2015,4,Frühling,201410,2014,10,Herbst,False,6,375.13,238.37,513.78,63.5433049876043
0,201505,2015,5,Frühling,201410,2014,10,Herbst,False,7,375.13,240.73,607.09,64.17242022765441
0,201506,2015,6,Sommer,201410,2014,10,Herbst,False,8,375.13,240.68,829.51,64.1590915149415
0,201507,2015,7,Sommer,201410,2014,10,Herbst,False,9,375.13,240.41,763.67,64.08711646629169
0,201508,2015,8,Sommer,201410,2014,10,Herbst,False,10,375.13,237.27,607.88,63.250073307919926
0,201509,2015,9,Herbst,201410,2014,10,Herbst,False,11,375.13,243.55,526.71,64.92415962466346
0,201510,2015,10,Herbst,201410,2014,10,Herbst,False,12,375.13,242.1,624.46,64.53762695598859
0,201511,2015,11,Herbst,201410,2014,10,Herbst,False,13,375.13,235.3,605.25,62.72492202703064
0,201512,2015,12,Winter,201410,2014,10,Herbst,False,14,375.13,238.93,654.0,63.69258656998908
0,201601,2016,1,Winter,201410,2014,10,Herbst,False,15,375.13,238.84,663.48,63.6685948871058
0,201602,2016,2,Winter,201410,2014,10,Herbst,False,16,375.13,240.93,887.82,64.22573507850612
0,201603,2016,3,Frühling,201410,2014,10,Herbst,False,17,375.13,245.03,782.08,65.31868952096606
0,201604,2016,4,Frühling,201410,2014,10,Herbst,False,18,375.13,244.1,1034.0,65.07077546450563
0,201605,2016,5,Frühling,201410,2014,10,Herbst,False,19,375.13,243.5,996.26,64.91083091195053
0,201606,2016,6,Sommer,201410,2014,10,Herbst,False,20,375.13,248.39,1223.59,66.2143790152747
0,201607,2016,7,Sommer,201410,2014,10,Herbst,False,21,375.13,248.76,1091.89,66.31301148935036
0,201608,2016,8,Sommer,201410,2014,10,Herbst,False,22,375.13,243.74,1053.06,64.97480873297258
0,201609,2016,9,Herbst,201410,2014,10,Herbst,False,23,375.13,246.17,1364.14,65.62258417082077
0,201610,2016,10,Herbst,201410,2014,10,Herbst,False,24,375.13,258.65,1536.5,68.94943086396715
0,201611,2016,11,Herbst,201410,2014,10,Herbst,False,25,375.13,262.61,2570.59,70.00506491083091
0,201612,2016,12,Winter,201410,2014,10,Herbst,False,26,375.13,267.3,2155.37,71.2552981633034
0,201701,2017,1,Winter,201410,2014,10,Herbst,False,27,375.13,258.01,1193.2,68.7788233412417
0,201702,2017,2,Winter,201410,2014,10,Herbst,False,28,375.13,261.03,1928.93,69.58387758910244
0,201703,2017,3,Frühling,201410,2014,10,Herbst,False,29,375.13,267.52,2241.8,71.31394449924025
0,201704,2017,4,Frühling,201410,2014,10,Herbst,False,30,375.13,260.39,1699.05,69.41327006637698
0,201705,2017,5,Frühling,201410,2014,10,Herbst,False,31,375.13,257.82,1216.32,68.72817423293259
0,201706,2017,6,Sommer,201410,2014,10,Herbst,False,32,375.13,258.4,1333.19,68.88278730040253
0,201707,2017,7,Sommer,201410,2014,10,Herbst,False,33,375.13,253.29,1298.28,67.52059286114147
0,201708,2017,8,Sommer,201410,2014,10,Herbst,False,34,375.13,249.51,962.94,66.51294218004425
1,201411,2014,11,Herbst,201411,2014,11,Herbst,True,0,100.0,100.0,100.0,100.0
1,201412,2014,12,Winter,201411,2014,11,Herbst,False,1,100.0,67.07,128.8,67.07
1,201501,2015,1,Winter,201411,2014,11,Herbst,False,2,100.0,58.6,84.21,58.6
1,201502,2015,2,Winter,201411,2014,11,Herbst,False,3,100.0,56.9,68.44,56.89999999999999
1,201503,2015,3,Frühling,201411,2014,11,Herbst,False,4,100.0,54.73,66.11,54.73
1,201504,2015,4,Frühling,201411,2014,11,Herbst,False,5,100.0,49.65,60.5,49.65
1,201505,2015,5,Frühling,201411,2014,11,Herbst,False,6,100.0,50.05,66.14,50.05
1,201506,2015,6,Sommer,201411,2014,11,Herbst,False,7,100.0,50.0,91.75,50.0
1,201507,2015,7,Sommer,201411,2014,11,Herbst,False,8,100.0,50.51,87.86,50.51
1,201508,2015,8,Sommer,201411,2014,11,Herbst,False,9,100.0,49.61,69.12,49.61
1,201509,2015,9,Herbst,201411,2014,11,Herbst,False,10,100.0,51.17,63.9,51.17
1,201510,2015,10,Herbst,201411,2014,11,Herbst,False,11,100.0,51.19,74.8,51.190000000000005
1,201511,2015,11,Herbst,201411,2014,11,Herbst,False,12,100.0,49.58,76.71,49.58
1,201512,2015,12,Winter,201411,2014,11,Herbst,False,13,100.0,50.4,87.87,50.4
1,201601,2016,1,Winter,201411,2014,11,Herbst,False,14,100.0,50.59,89.61,50.59
1,201602,2016,2,Winter,201411,2014,11,Herbst,False,15,100.0,51.52,125.43,51.52
1,201603,2016,3,Frühling,201411,2014,11,Herbst,False,16,100.0,52.42,108.37,52.42
1,201604,2016,4,Frühling,201411,2014,11,Herbst,False,17,100.0,52.08,142.14,52.07999999999999
1,201605,2016,5,Frühling,201411,2014,11,Herbst,False,18,100.0,51.83,137.28,51.83
1,201606,2016,6,Sommer,201411,2014,11,Herbst,False,19,100.0,53.33,169.51,53.33
1,201607,2016,7,Sommer,201411,2014,11,Herbst,False,20,100.0,53.63,156.67,53.63
1,201608,2016,8,Sommer,201411,2014,11,Herbst,False,21,100.0,52.06,148.24,52.06000000000001
1,201609,2016,9,Herbst,201411,2014,11,Herbst,False,22,100.0,52.4,194.84,52.400000000000006
1,201610,2016,10,Herbst,201411,2014,11,Herbst,False,23,100.0,56.31,236.64,56.31
1,201611,2016,11,Herbst,201411,2014,11,Herbst,False,24,100.0,58.26,419.86,58.26
1,201612,2016,12,Winter,201411,2014,11,Herbst,False,25,100.0,60.16,350.28,60.15999999999999
1,201701,2017,1,Winter,201411,2014,11,Herbst,False,26,100.0,57.37,191.75,57.37
1,201702,2017,2,Winter,201411,2014,11,Herbst,False,27,100.0,58.68,317.63,58.68
1,201703,2017,3,Frühling,201411,2014,11,Herbst,False,28,100.0,60.52,356.32,60.52000000000001
1,201704,2017,4,Frühling,201411,2014,11,Herbst,False,29,100.0,58.45,268.61,58.45
1,201705,2017,5,Frühling,201411,2014,11,Herbst,False,30,100.0,57.35,190.71,57.35
1,201706,2017,6,Sommer,201411,2014,11,Herbst,False,31,100.0,57.43,202.98,57.43000000000001
1,201707,2017,7,Sommer,201411,2014,11,Herbst,False,32,100.0,56.1,203.8,56.10000000000001
1,201708,2017,8,Sommer,201411,2014,11,Herbst,False,33,100.0,54.78,149.75,54.78000000000001
2,201412,2014,12,Winter,201412,2014,12,Winter,True,0,66.2,66.2,113.44,100.0
2,201501,2015,1,Winter,201412,2014,12,Winter,False,1,66.2,39.27,54.08,59.3202416918429
2,201502,2015,2,Winter,201412,2014,12,Winter,False,2,66.2,36.36,39.89,54.92447129909366
2,201503,2015,3,Frühling,201412,2014,12,Winter,False,3,66.2,34.7,39.94,52.41691842900303
2,201504,2015,4,Frühling,201412,2014,12,Winter,False,4,66.2,30.49,36.45,46.057401812688816
2,201505,2015,5,Frühling,201412,2014,12,Winter,False,5,66.2,30.54,38.11,46.13293051359516
2,201506,2015,6,Sommer,201412,2014,12,Winter,False,6,66.2,30.65,53.72,46.29909365558912
2,201507,2015,7,Sommer,201412,2014,12,Winter,False,7,66.2,31.12,51.35,47.00906344410876
2,201508,2015,8,Sommer,201412,2014,12,Winter,False,8,66.2,30.39,40.82,45.90634441087613
2,201509,2015,9,Herbst,201412,2014,12,Winter,False,9,66.2,31.02,37.7,46.85800604229607
2,201510,2015,10,Herbst,201412,2014,12,Winter,False,10,66.2,30.8,43.86,46.52567975830816
2,201511,2015,11,Herbst,201412,2014,12,Winter,False,11,66.2,29.72,45.47,44.89425981873112
2,201512,2015,12,Winter,201412,2014,12,Winter,False,12,66.2,31.47,54.18,47.53776435045317
2,201601,2016,1,Winter,201412,2014,12,Winter,False,13,66.2,30.98,52.29,46.797583081571
2,201602,2016,2,Winter,201412,2014,12,Winter,False,14,66.2,31.58,74.53,47.70392749244712
2,201603,2016,3,Frühling,201412,2014,12,Winter,False,15,66.2,32.11,65.87,48.50453172205438
2,201604,2016,4,Frühling,201412,2014,12,Winter,False,16,66.2,31.77,88.42,47.99093655589123
2,201605,2016,5,Frühling,201412,2014,12,Winter,False,17,66.2,31.46,80.55,47.522658610271904
2,201606,2016,6,Sommer,201412,2014,12,Winter,False,18,66.2,32.45,100.68,49.01812688821752
2,201607,2016,7,Sommer,201412,2014,12,Winter,False,19,66.2,33.17,95.83,50.105740181268885
2,201608,2016,8,Sommer,201412,2014,12,Winter,False,20,66.2,31.83,90.28,48.08157099697885
2,201609,2016,9,Herbst,201412,2014,12,Winter,False,21,66.2,32.06,120.31,48.429003021148034
2,201610,2016,10,Herbst,201412,2014,12,Winter,False,22,66.2,34.55,145.84,52.19033232628399
2,201611,2016,11,Herbst,201412,2014,12,Winter,False,23,66.2,36.19,266.74,54.66767371601208
2,201612,2016,12,Winter,201412,2014,12,Winter,False,24,66.2,38.19,228.51,57.68882175226585
2,201701,2017,1,Winter,201412,2014,12,Winter,False,25,66.2,35.78,121.73,54.04833836858006
2,201702,2017,2,Winter,201412,2014,12,Winter,False,26,66.2,36.43,196.54,55.03021148036253
2,201703,2017,3,Frühling,201412,2014,12,Winter,False,27,66.2,37.94,220.52,57.31117824773413
2,201704,2017,4,Frühling,201412,2014,12,Winter,False,28,66.2,36.13,159.0,54.57703927492447
2,201705,2017,5,Frühling,201412,2014,12,Winter,False,29,66.2,35.2,114.68,53.17220543806647
2,201706,2017,6,Sommer,201412,2014,12,Winter,False,30,66.2,35.53,124.07,53.67069486404834
2,201707,2017,7,Sommer,201412,2014,12,Winter,False,31,66.2,34.64,123.91,52.32628398791541
2,201708,2017,8,Sommer,201412,2014,12,Winter,False,32,66.2,33.83,90.32,51.102719033232624
3,201501,2015,1,Winter,201501,2015,1,Winter,True,0,43.52,43.52,45.72,100.0
3,201502,2015,2,Winter,201501,2015,1,Winter,False,1,43.52,26.64,27.22,61.21323529411764
3,201503,2015,3,Frühling,201501,2015,1,Winter,False,2,43.52,25.08,25.49,57.62867647058823
3,201504,2015,4,Frühling,201501,2015,1,Winter,False,3,43.52,22.23,22.37,51.07996323529412
3,201505,2015,5,Frühling,201501,2015,1,Winter,False,4,43.52,21.15,23.6,48.59834558823529
3,201506,2015,6,Sommer,201501,2015,1,Winter,False,5,43.52,20.83,31.57,47.86305147058823
3,201507,2015,7,Sommer,201501,2015,1,Winter,False,6,43.52,20.88,29.59,47.97794117647059
3,201508,2015,8,Sommer,201501,2015,1,Winter,False,7,43.52,20.35,24.94,46.760110294117645
3,201509,2015,9,Herbst,201501,2015,1,Winter,False,8,43.52,20.62,22.3,47.38051470588236
3,201510,2015,10,Herbst,201501,2015,1,Winter,False,9,43.52,20.36,24.52,46.78308823529412
3,201511,2015,11,Herbst,201501,2015,1,Winter,False,10,43.52,19.5,25.63,44.806985294117645
3,201512,2015,12,Winter,201501,2015,1,Winter,False,11,43.52,20.31,30.91,46.66819852941176
3,201601,2016,1,Winter,201501,2015,1,Winter,False,12,43.52,20.32,31.79,46.69117647058823
3,201602,2016,2,Winter,201501,2015,1,Winter,False,13,43.52,20.38,44.23,46.82904411764705
3,201603,2016,3,Frühling,201501,2015,1,Winter,False,14,43.52,20.85,39.0,47.90900735294117
3,201604,2016,4,Frühling,201501,2015,1,Winter,False,15,43.52,20.52,50.75,47.15073529411764
3,201605,2016,5,Frühling,201501,2015,1,Winter,False,16,43.52,20.38,47.82,46.82904411764705
3,201606,2016,6,Sommer,201501,2015,1,Winter,False,17,43.52,20.99,58.91,48.23069852941176
3,201607,2016,7,Sommer,201501,2015,1,Winter,False,18,43.52,21.26,55.47,48.85110294117647
3,201608,2016,8,Sommer,201501,2015,1,Winter,False,19,43.52,20.38,52.76,46.82904411764705
3,201609,2016,9,Herbst,201501,2015,1,Winter,False,20,43.52,20.2,67.62,46.41544117647059
3,201610,2016,10,Herbst,201501,2015,1,Winter,False,21,43.52,21.77,83.76,50.022977941176464
3,201611,2016,11,Herbst,201501,2015,1,Winter,False,22,43.52,22.64,143.08,52.022058823529406
3,201612,2016,12,Winter,201501,2015,1,Winter,False,23,43.52,23.74,125.95,54.54963235294117
3,201701,2017,1,Winter,201501,2015,1,Winter,False,24,43.52,22.68,72.0,52.11397058823529
3,201702,2017,2,Winter,201501,2015,1,Winter,False,25,43.52,23.18,112.81,53.26286764705882
3,201703,2017,3,Frühling,201501,2015,1,Winter,False,26,43.52,23.9,125.42,54.917279411764696
3,201704,2017,4,Frühling,201501,2015,1,Winter,False,27,43.52,22.73,93.93,52.22886029411764
3,201705,2017,5,Frühling,201501,2015,1,Winter,False,28,43.52,22.2,64.77,51.011029411764696
3,201706,2017,6,Sommer,201501,2015,1,Winter,False,29,43.52,22.3,70.84,51.240808823529406
3,201707,2017,7,Sommer,201501,2015,1,Winter,False,30,43.52,21.89,72.4,50.29871323529412
3,201708,2017,8,Sommer,201501,2015,1,Winter,False,31,43.52,21.31,52.47,48.96599264705881
4,201502,2015,2,Winter,201502,2015,2,Winter,True,0,33.93,33.93,30.19,100.0
4,201503,2015,3,Frühling,201502,2015,2,Winter,False,1,33.93,19.79,18.39,58.32596522251694
4,201504,2015,4,Frühling,201502,2015,2,Winter,False,2,33.93,18.36,16.7,54.11140583554377
4,201505,2015,5,Frühling,201502,2015,2,Winter,False,3,33.93,17.06,17.93,50.27998821102268
4,201506,2015,6,Sommer,201502,2015,2,Winter,False,4,33.93,16.67,23.79,49.130562923666375
4,201507,2015,7,Sommer,201502,2015,2,Winter,False,5,33.93,16.28,21.61,47.98113763631006
4,201508,2015,8,Sommer,201502,2015,2,Winter,False,6,33.93,15.63,17.84,46.06542882404951
4,201509,2015,9,Herbst,201502,2015,2,Winter,False,7,33.93,16.0,16.73,47.15590922487474
4,201510,2015,10,Herbst,201502,2015,2,Winter,False,8,33.93,15.82,18.56,46.6254052460949
4,201511,2015,11,Herbst,201502,2015,2,Winter,False,9,33.93,15.01,19.9,44.23813734158561
4,201512,2015,12,Winter,201502,2015,2,Winter,False,10,33.93,15.29,23.14,45.063365753020925
4,201601,2016,1,Winter,201502,2015,2,Winter,False,11,33.93,15.37,23.36,45.2991452991453
4,201602,2016,2,Winter,201502,2015,2,Winter,False,12,33.93,15.6,32.97,45.97701149425287
4,201603,2016,3,Frühling,201502,2015,2,Winter,False,13,33.93,15.9,29.45,46.86118479221928
4,201604,2016,4,Frühling,201502,2015,2,Winter,False,14,33.93,15.65,36.77,46.124373710580606
4,201605,2016,5,Frühling,201502,2015,2,Winter,False,15,33.93,15.51,35.74,45.71175950486296
4,201606,2016,6,Sommer,201502,2015,2,Winter,False,16,33.93,16.0,44.55,47.15590922487474
4,201607,2016,7,Sommer,201502,2015,2,Winter,False,17,33.93,16.01,39.85,47.185381668140295
4,201608,2016,8,Sommer,201502,2015,2,Winter,False,18,33.93,15.46,37.33,45.564397288535226
4,201609,2016,9,Herbst,201502,2015,2,Winter,False,19,33.93,15.24,49.59,44.9160035366932
4,201610,2016,10,Herbst,201502,2015,2,Winter,False,20,33.93,16.65,61.65,49.07161803713527
4,201611,2016,11,Herbst,201502,2015,2,Winter,False,21,33.93,17.22,106.28,50.75154730327144
4,201612,2016,12,Winter,201502,2015,2,Winter,False,22,33.93,17.76,89.34,52.343059239610966
4,201701,2017,1,Winter,201502,2015,2,Winter,False,23,33.93,16.89,51.46,49.7789566755084
4,201702,2017,2,Winter,201502,2015,2,Winter,False,24,33.93,17.4,83.11,51.28205128205128
4,201703,2017,3,Frühling,201502,2015,2,Winter,False,25,33.93,18.05,92.74,53.19776009431182
4,201704,2017,4,Frühling,201502,2015,2,Winter,False,26,33.93,17.31,70.86,51.01679929266136
4,201705,2017,5,Frühling,201502,2015,2,Winter,False,27,33.93,16.88,49.49,49.74948423224285
4,201706,2017,6,Sommer,201502,2015,2,Winter,False,28,33.93,16.96,52.08,49.98526377836723
4,201707,2017,7,Sommer,201502,2015,2,Winter,False,29,33.93,16.53,52.0,48.71794871794872
4,201708,2017,8,Sommer,201502,2015,2,Winter,False,30,33.93,16.03,38.07,47.24432655467138
5,201503,2015,3,Frühling,201503,2015,3,Frühling,True,0,23.8,23.8,16.5,100.0
5,201504,2015,4,Frühling,201503,2015,3,Frühling,False,1,23.8,14.2,12.82,59.66386554621849
5,201505,2015,5,Frühling,201503,2015,3,Frühling,False,2,23.8,12.97,13.99,54.49579831932774
5,201506,2015,6,Sommer,201503,2015,3,Frühling,False,3,23.8,12.23,17.7,51.38655462184873
5,201507,2015,7,Sommer,201503,2015,3,Frühling,False,4,23.8,11.99,16.68,50.3781512605042
5,201508,2015,8,Sommer,201503,2015,3,Frühling,False,5,23.8,11.4,13.19,47.89915966386555
5,201509,2015,9,Herbst,201503,2015,3,Frühling,False,6,23.8,11.55,12.28,48.52941176470589
5,201510,2015,10,Herbst,201503,2015,3,Frühling,False,7,23.8,11.27,13.76,47.35294117647059
5,201511,2015,11,Herbst,201503,2015,3,Frühling,False,8,23.8,10.78,14.58,45.29411764705882
5,201512,2015,12,Winter,201503,2015,3,Frühling,False,9,23.8,10.8,16.48,45.37815126050421
5,201601,2016,1,Winter,201503,2015,3,Frühling,False,10,23.8,11.01,16.4,46.26050420168067
5,201602,2016,2,Winter,201503,2015,3,Frühling,False,11,23.8,11.05,22.65,46.42857142857143
5,201603,2016,3,Frühling,201503,2015,3,Frühling,False,12,23.8,11.27,21.44,47.35294117647059
5,201604,2016,4,Frühling,201503,2015,3,Frühling,False,13,23.8,11.1,26.11,46.63865546218487
5,201605,2016,5,Frühling,201503,2015,3,Frühling,False,14,23.8,11.02,25.79,46.30252100840336
5,201606,2016,6,Sommer,201503,2015,3,Frühling,False,15,23.8,11.23,31.25,47.18487394957983
5,201607,2016,7,Sommer,201503,2015,3,Frühling,False,16,23.8,11.4,28.88,47.89915966386555
5,201608,2016,8,Sommer,201503,2015,3,Frühling,False,17,23.8,10.97,27.93,46.09243697478992
5,201609,2016,9,Herbst,201503,2015,3,Frühling,False,18,23.8,10.95,35.62,46.00840336134453
5,201610,2016,10,Herbst,201503,2015,3,Frühling,False,19,23.8,11.8,45.31,49.57983193277311
5,201611,2016,11,Herbst,201503,2015,3,Frühling,False,20,23.8,12.02,76.17,50.50420168067227
5,201612,2016,12,Winter,201503,2015,3,Frühling,False,21,23.8,12.52,64.49,52.60504201680673
5,201701,2017,1,Winter,201503,2015,3,Frühling,False,22,23.8,11.75,35.19,49.36974789915966
5,201702,2017,2,Winter,201503,2015,3,Frühling,False,23,23.8,12.11,57.8,50.882352941176464
5,201703,2017,3,Frühling,201503,2015,3,Frühling,False,24,23.8,12.68,65.84,53.27731092436975
5,201704,2017,4,Frühling,201503,2015,3,Frühling,False,25,23.8,12.09,48.69,50.79831932773109
5,201705,2017,5,Frühling,201503,2015,3,Frühling,False,26,23.8,11.86,34.57,49.83193277310924
5,201706,2017,6,Sommer,201503,2015,3,Frühling,False,27,23.8,11.71,35.62,49.20168067226891
5,201707,2017,7,Sommer,201503,2015,3,Frühling,False,28,23.8,11.6,36.59,48.739495798319325
5,201708,2017,8,Sommer,201503,2015,3,Frühling,False,29,23.8,11.38,26.22,47.81512605042017
6,201504,2015,4,Frühling,201504,2015,4,Frühling,True,0,25.32,25.32,19.48,100.0
6,201505,2015,5,Frühling,201504,2015,4,Frühling,False,1,25.32,15.47,15.68,61.09794628751975
6,201506,2015,6,Sommer,201504,2015,4,Frühling,False,2,25.32,14.21,20.55,56.12164296998421
6,201507,2015,7,Sommer,201504,2015,4,Frühling,False,3,25.32,13.72,18.26,54.18641390205371
6,201508,2015,8,Sommer,201504,2015,4,Frühling,False,4,25.32,13.0,14.34,51.34281200631912
6,201509,2015,9,Herbst,201504,2015,4,Frühling,False,5,25.32,12.86,13.58,50.789889415481824
6,201510,2015,10,Herbst,201504,2015,4,Frühling,False,6,25.32,12.42,15.06,49.052132701421804
6,201511,2015,11,Herbst,201504,2015,4,Frühling,False,7,25.32,11.71,15.17,46.2480252764613
6,201512,2015,12,Winter,201504,2015,4,Frühling,False,8,25.32,11.74,17.59,46.36650868878357
6,201601,2016,1,Winter,201504,2015,4,Frühling,False,9,25.32,11.79,17.22,46.56398104265402
6,201602,2016,2,Winter,201504,2015,4,Frühling,False,10,25.32,11.74,24.33,46.36650868878357
6,201603,2016,3,Frühling,201504,2015,4,Frühling,False,11,25.32,12.04,21.82,47.55134281200631
6,201604,2016,4,Frühling,201504,2015,4,Frühling,False,12,25.32,12.05,28.69,47.59083728278041
6,201605,2016,5,Frühling,201504,2015,4,Frühling,False,13,25.32,11.98,26.93,47.31437598736177
6,201606,2016,6,Sommer,201504,2015,4,Frühling,False,14,25.32,12.26,33.21,48.42022116903633
6,201607,2016,7,Sommer,201504,2015,4,Frühling,False,15,25.32,12.21,30.08,48.22274881516588
6,201608,2016,8,Sommer,201504,2015,4,Frühling,False,16,25.32,11.84,29.98,46.76145339652448
6,201609,2016,9,Herbst,201504,2015,4,Frühling,False,17,25.32,11.71,38.15,46.2480252764613
6,201610,2016,10,Herbst,201504,2015,4,Frühling,False,18,25.32,12.55,47.42,49.56556082148499
6,201611,2016,11,Herbst,201504,2015,4,Frühling,False,19,25.32,12.84,78.52,50.71090047393365
6,201612,2016,12,Winter,201504,2015,4,Frühling,False,20,25.32,13.28,67.15,52.44865718799368
6,201701,2017,1,Winter,201504,2015,4,Frühling,False,21,25.32,12.56,37.23,49.60505529225909
6,201702,2017,2,Winter,201504,2015,4,Frühling,False,22,25.32,12.96,61.42,51.18483412322276
6,201703,2017,3,Frühling,201504,2015,4,Frühling,False,23,25.32,13.52,70.39,53.39652448657187
6,201704,2017,4,Frühling,201504,2015,4,Frühling,False,24,25.32,12.96,52.06,51.18483412322276
6,201705,2017,5,Frühling,201504,2015,4,Frühling,False,25,25.32,12.6,37.57,49.763033175355446
6,201706,2017,6,Sommer,201504,2015,4,Frühling,False,26,25.32,12.72,39.98,50.23696682464455
6,201707,2017,7,Sommer,201504,2015,4,Frühling,False,27,25.32,12.32,39.63,48.657187993680886
6,201708,2017,8,Sommer,201504,2015,4,Frühling,False,28,25.32,12.1,29.19,47.78830963665087
7,201505,2015,5,Frühling,201505,2015,5,Frühling,True,0,23.33,23.33,28.8,100.0
7,201506,2015,6,Sommer,201505,2015,5,Frühling,False,1,23.33,15.04,24.33,64.466352336048
7,201507,2015,7,Sommer,201505,2015,5,Frühling,False,2,23.33,13.83,19.98,59.27989712816117
7,201508,2015,8,Sommer,201505,2015,5,Frühling,False,3,23.33,12.97,15.64,55.59365623660524
7,201509,2015,9,Herbst,201505,2015,5,Frühling,False,4,23.33,12.85,13.0,55.07929704243464
7,201510,2015,10,Herbst,201505,2015,5,Frühling,False,5,23.33,12.26,14.81,52.55036433776255
7,201511,2015,11,Herbst,201505,2015,5,Frühling,False,6,23.33,11.47,15.58,49.16416630947279
7,201512,2015,12,Winter,201505,2015,5,Frühling,False,7,23.33,11.35,16.61,48.64980711530219
7,201601,2016,1,Winter,201505,2015,5,Frühling,False,8,23.33,11.29,17.05,48.39262751821688
7,201602,2016,2,Winter,201505,2015,5,Frühling,False,9,23.33,11.13,21.41,47.70681525932277
7,201603,2016,3,Frühling,201505,2015,5,Frühling,False,10,23.33,11.46,20.07,49.12130304329191
7,201604,2016,4,Frühling,201505,2015,5,Frühling,False,11,23.33,11.23,25.59,48.13544792113159
7,201605,2016,5,Frühling,201505,2015,5,Frühling,False,12,23.33,11.4,26.74,48.864123446206605
7,201606,2016,6,Sommer,201505,2015,5,Frühling,False,13,23.33,11.62,31.94,49.80711530218603
7,201607,2016,7,Sommer,201505,2015,5,Frühling,False,14,23.33,11.46,27.45,49.12130304329191
7,201608,2016,8,Sommer,201505,2015,5,Frühling,False,15,23.33,11.01,26.47,47.192456065152165
7,201609,2016,9,Herbst,201505,2015,5,Frühling,False,16,23.33,10.87,34.71,46.5923703386198
7,201610,2016,10,Herbst,201505,2015,5,Frühling,False,17,23.33,11.66,42.05,49.97856836690956
7,201611,2016,11,Herbst,201505,2015,5,Frühling,False,18,23.33,11.93,71.52,51.1358765537934
7,201612,2016,12,Winter,201505,2015,5,Frühling,False,19,23.33,12.14,59.13,52.03600514359194
7,201701,2017,1,Winter,201505,2015,5,Frühling,False,20,23.33,11.51,32.54,49.33561937419631
7,201702,2017,2,Winter,201505,2015,5,Frühling,False,21,23.33,11.83,53.26,50.707243891984575
7,201703,2017,3,Frühling,201505,2015,5,Frühling,False,22,23.33,12.35,60.58,52.93613373339049
7,201704,2017,4,Frühling,201505,2015,5,Frühling,False,23,23.33,11.82,47.22,50.664380625803695
7,201705,2017,5,Frühling,201505,2015,5,Frühling,False,24,23.33,11.9,34.3,51.00728675525076
7,201706,2017,6,Sommer,201505,2015,5,Frühling,False,25,23.33,11.75,34.74,50.36433776253752
7,201707,2017,7,Sommer,201505,2015,5,Frühling,False,26,23.33,11.39,35.79,48.821260180025725
7,201708,2017,8,Sommer,201505,2015,5,Frühling,False,27,23.33,11.11,26.03,47.621088726961
8,201506,2015,6,Sommer,201506,2015,6,Sommer,True,0,23.11,23.11,29.9,100.0
8,201507,2015,7,Sommer,201506,2015,6,Sommer,False,1,23.11,14.82,21.99,64.12808308091735
8,201508,2015,8,Sommer,201506,2015,6,Sommer,False,2,23.11,13.41,16.61,58.026828212894856
8,201509,2015,9,Herbst,201506,2015,6,Sommer,False,3,23.11,12.82,13.78,55.47382085677196
8,201510,2015,10,Herbst,201506,2015,6,Sommer,False,4,23.11,11.91,14.4,51.53613154478581
8,201511,2015,11,Herbst,201506,2015,6,Sommer,False,5,23.11,10.95,14.03,47.38208567719602
8,201512,2015,12,Winter,201506,2015,6,Sommer,False,6,23.11,11.06,16.49,47.85807009952402
8,201601,2016,1,Winter,201506,2015,6,Sommer,False,7,23.11,10.68,15.72,46.21376027693639
8,201602,2016,2,Winter,201506,2015,6,Sommer,False,8,23.11,10.85,21.83,46.94937256598875
8,201603,2016,3,Frühling,201506,2015,6,Sommer,False,9,23.11,11.01,19.97,47.64171354392038
8,201604,2016,4,Frühling,201506,2015,6,Sommer,False,10,23.11,10.81,26.26,46.77628732150584
8,201605,2016,5,Frühling,201506,2015,6,Sommer,False,11,23.11,10.82,24.74,46.819558632626574
8,201606,2016,6,Sommer,201506,2015,6,Sommer,False,12,23.11,11.39,32.4,49.28602336650801
8,201607,2016,7,Sommer,201506,2015,6,Sommer,False,13,23.11,11.26,28.98,48.72349632193856
8,201608,2016,8,Sommer,201506,2015,6,Sommer,False,14,23.11,10.94,27.33,47.33881436607529
8,201609,2016,9,Herbst,201506,2015,6,Sommer,False,15,23.11,10.8,35.44,46.73301601038512
8,201610,2016,10,Herbst,201506,2015,6,Sommer,False,16,23.11,11.23,41.69,48.593682388576376
8,201611,2016,11,Herbst,201506,2015,6,Sommer,False,17,23.11,11.49,69.92,49.71873647771528
8,201612,2016,12,Winter,201506,2015,6,Sommer,False,18,23.11,11.83,61.11,51.18996105581999
8,201701,2017,1,Winter,201506,2015,6,Sommer,False,19,23.11,11.06,32.48,47.85807009952402
8,201702,2017,2,Winter,201506,2015,6,Sommer,False,20,23.11,11.38,52.03,49.242752055387285
8,201703,2017,3,Frühling,201506,2015,6,Sommer,False,21,23.11,11.9,59.96,51.49286023366509
8,201704,2017,4,Frühling,201506,2015,6,Sommer,False,22,23.11,11.45,46.55,49.54565123323236
8,201705,2017,5,Frühling,201506,2015,6,Sommer,False,23,23.11,11.32,32.33,48.98312418866292
8,201706,2017,6,Sommer,201506,2015,6,Sommer,False,24,23.11,11.39,34.95,49.28602336650801
8,201707,2017,7,Sommer,201506,2015,6,Sommer,False,25,23.11,11.04,36.01,47.77152747728256
8,201708,2017,8,Sommer,201506,2015,6,Sommer,False,26,23.11,10.91,25.69,47.20900043271311
9,201507,2015,7,Sommer,201507,2015,7,Sommer,True,0,23.65,23.65,21.79,100.0
9,201508,2015,8,Sommer,201507,2015,7,Sommer,False,1,23.65,15.02,17.77,63.50951374207189
9,201509,2015,9,Herbst,201507,2015,7,Sommer,False,2,23.65,13.46,13.92,56.91331923890064
9,201510,2015,10,Herbst,201507,2015,7,Sommer,False,3,23.65,12.48,13.55,52.76955602536998
9,201511,2015,11,Herbst,201507,2015,7,Sommer,False,4,23.65,11.4,13.82,48.20295983086681
9,201512,2015,12,Winter,201507,2015,7,Sommer,False,5,23.65,11.26,15.96,47.61099365750528
9,201601,2016,1,Winter,201507,2015,7,Sommer,False,6,23.65,11.0,15.24,46.51162790697675
9,201602,2016,2,Winter,201507,2015,7,Sommer,False,7,23.65,10.93,21.48,46.21564482029599
9,201603,2016,3,Frühling,201507,2015,7,Sommer,False,8,23.65,10.95,19.2,46.30021141649049
9,201604,2016,4,Frühling,201507,2015,7,Sommer,False,9,23.65,10.89,24.67,46.04651162790698
9,201605,2016,5,Frühling,201507,2015,7,Sommer,False,10,23.65,10.71,24.51,45.285412262156456
9,201606,2016,6,Sommer,201507,2015,7,Sommer,False,11,23.65,11.17,31.1,47.23044397463003
9,201607,2016,7,Sommer,201507,2015,7,Sommer,False,12,23.65,11.52,29.93,48.710359408033824
9,201608,2016,8,Sommer,201507,2015,7,Sommer,False,13,23.65,11.0,28.25,46.51162790697675
9,201609,2016,9,Herbst,201507,2015,7,Sommer,False,14,23.65,10.58,34.44,44.73572938689218
9,201610,2016,10,Herbst,201507,2015,7,Sommer,False,15,23.65,11.29,42.44,47.73784355179704
9,201611,2016,11,Herbst,201507,2015,7,Sommer,False,16,23.65,11.34,69.56,47.9492600422833
9,201612,2016,12,Winter,201507,2015,7,Sommer,False,17,23.65,11.85,59.31,50.10570824524313
9,201701,2017,1,Winter,201507,2015,7,Sommer,False,18,23.65,11.04,31.66,46.68076109936575
9,201702,2017,2,Winter,201507,2015,7,Sommer,False,19,23.65,11.3,52.73,47.7801268498943
9,201703,2017,3,Frühling,201507,2015,7,Sommer,False,20,23.65,11.85,59.86,50.10570824524313
9,201704,2017,4,Frühling,201507,2015,7,Sommer,False,21,23.65,11.38,45.23,48.11839323467231
9,201705,2017,5,Frühling,201507,2015,7,Sommer,False,22,23.65,11.19,32.66,47.315010570824526
9,201706,2017,6,Sommer,201507,2015,7,Sommer,False,23,23.65,11.33,35.39,47.906976744186046
9,201707,2017,7,Sommer,201507,2015,7,Sommer,False,24,23.65,11.39,37.07,48.16067653276957
9,201708,2017,8,Sommer,201507,2015,7,Sommer,False,25,23.65,11.12,25.69,47.01902748414376
10,201508,2015,8,Sommer,201508,2015,8,Sommer,True,0,23.71,23.71,15.99,100.0
10,201509,2015,9,Herbst,201508,2015,8,Sommer,False,1,23.71,14.15,12.99,59.67946014339941
10,201510,2015,10,Herbst,201508,2015,8,Sommer,False,2,23.71,12.77,12.64,53.85913116828343
10,201511,2015,11,Herbst,201508,2015,8,Sommer,False,3,23.71,11.25,13.13,47.44833403627161
10,201512,2015,12,Winter,201508,2015,8,Sommer,False,4,23.71,11.14,14.25,46.98439477013918
10,201601,2016,1,Winter,201508,2015,8,Sommer,False,5,23.71,10.7,13.84,45.12863770560944
10,201602,2016,2,Winter,201508,2015,8,Sommer,False,6,23.71,10.63,19.92,44.83340362716154
10,201603,2016,3,Frühling,201508,2015,8,Sommer,False,7,23.71,10.7,17.62,45.12863770560944
10,201604,2016,4,Frühling,201508,2015,8,Sommer,False,8,23.71,10.63,22.71,44.83340362716154
10,201605,2016,5,Frühling,201508,2015,8,Sommer,False,9,23.71,10.49,22.04,44.24293547026571
10,201606,2016,6,Sommer,201508,2015,8,Sommer,False,10,23.71,10.86,27.39,45.80345845634753
10,201607,2016,7,Sommer,201508,2015,8,Sommer,False,11,23.71,11.06,25.41,46.64698439477014
10,201608,2016,8,Sommer,201508,2015,8,Sommer,False,12,23.71,10.68,25.19,45.04428511176719
10,201609,2016,9,Herbst,201508,2015,8,Sommer,False,13,23.71,10.25,32.04,43.23070434415858
10,201610,2016,10,Herbst,201508,2015,8,Sommer,False,14,23.71,10.76,37.25,45.38169548713623
10,201611,2016,11,Herbst,201508,2015,8,Sommer,False,15,23.71,10.96,64.84,46.22522142555884
10,201612,2016,12,Winter,201508,2015,8,Sommer,False,16,23.71,11.33,54.07,47.78574441164066
10,201701,2017,1,Winter,201508,2015,8,Sommer,False,17,23.71,10.61,28.67,44.74905103331927
10,201702,2017,2,Winter,201508,2015,8,Sommer,False,18,23.71,10.89,48.3,45.92998734711093
10,201703,2017,3,Frühling,201508,2015,8,Sommer,False,19,23.71,11.09,54.56,46.77351328553353
10,201704,2017,4,Frühling,201508,2015,8,Sommer,False,20,23.71,10.92,42.03,46.05651623787431
10,201705,2017,5,Frühling,201508,2015,8,Sommer,False,21,23.71,10.66,29.16,44.959932517924926
10,201706,2017,6,Sommer,201508,2015,8,Sommer,False,22,23.71,10.78,31.48,45.46604808097849
10,201707,2017,7,Sommer,201508,2015,8,Sommer,False,23,23.71,10.57,32.52,44.58034584563475
10,201708,2017,8,Sommer,201508,2015,8,Sommer,False,24,23.71,10.53,24.1,44.41164065795023
11,201509,2015,9,Herbst,201509,2015,9,Herbst,True,0,29.59,29.59,19.95,100.0
11,201510,2015,10,Herbst,201509,2015,9,Herbst,False,1,29.59,18.18,17.53,61.43967556606962
11,201511,2015,11,Herbst,201509,2015,9,Herbst,False,2,29.59,15.8,17.92,53.39641770868538
11,201512,2015,12,Winter,201509,2015,9,Herbst,False,3,29.59,15.0,18.79,50.69280162216965
11,201601,2016,1,Winter,201509,2015,9,Herbst,False,4,29.59,14.5,18.13,49.00304156809733
11,201602,2016,2,Winter,201509,2015,9,Herbst,False,5,29.59,14.36,25.25,48.52990875295708
11,201603,2016,3,Frühling,201509,2015,9,Herbst,False,6,29.59,14.52,23.34,49.07063197026022
11,201604,2016,4,Frühling,201509,2015,9,Herbst,False,7,29.59,14.04,29.41,47.44846231835079
11,201605,2016,5,Frühling,201509,2015,9,Herbst,False,8,29.59,13.92,28.25,47.04291990537344
11,201606,2016,6,Sommer,201509,2015,9,Herbst,False,9,29.59,14.13,35.58,47.752619128083815
11,201607,2016,7,Sommer,201509,2015,9,Herbst,False,10,29.59,13.74,30.72,46.43460628590741
11,201608,2016,8,Sommer,201509,2015,9,Herbst,False,11,29.59,13.27,28.51,44.84623183507942
11,201609,2016,9,Herbst,201509,2015,9,Herbst,False,12,29.59,13.63,40.67,46.06285907401149
11,201610,2016,10,Herbst,201509,2015,9,Herbst,False,13,29.59,14.32,48.48,48.39472794863129
11,201611,2016,11,Herbst,201509,2015,9,Herbst,False,14,29.59,14.35,80.1,48.49611355187563
11,201612,2016,12,Winter,201509,2015,9,Herbst,False,15,29.59,14.6,66.57,49.34099357891179
11,201701,2017,1,Winter,201509,2015,9,Herbst,False,16,29.59,13.77,36.86,46.53599188915174
11,201702,2017,2,Winter,201509,2015,9,Herbst,False,17,29.59,14.23,59.58,48.09057113889829
11,201703,2017,3,Frühling,201509,2015,9,Herbst,False,18,29.59,14.75,67.73,49.84792159513349
11,201704,2017,4,Frühling,201509,2015,9,Herbst,False,19,29.59,14.2,52.04,47.98918553565393
11,201705,2017,5,Frühling,201509,2015,9,Herbst,False,20,29.59,13.96,36.63,47.17810070969923
11,201706,2017,6,Sommer,201509,2015,9,Herbst,False,21,29.59,13.98,39.31,47.24569111186212
11,201707,2017,7,Sommer,201509,2015,9,Herbst,False,22,29.59,13.29,38.93,44.91382223724231
11,201708,2017,8,Sommer,201509,2015,9,Herbst,False,23,29.59,13.11,29.82,44.30550861777628
12,201510,2015,10,Herbst,201510,2015,10,Herbst,True,0,24.62,24.62,15.26,100.0
12,201511,2015,11,Herbst,201510,2015,10,Herbst,False,1,24.62,14.47,13.67,58.77335499593826
12,201512,2015,12,Winter,201510,2015,10,Herbst,False,2,24.62,13.12,14.1,53.29000812347684
12,201601,2016,1,Winter,201510,2015,10,Herbst,False,3,24.62,12.6,13.93,51.17790414297318
12,201602,2016,2,Winter,201510,2015,10,Herbst,False,4,24.62,12.28,20.1,49.87814784727863
12,201603,2016,3,Frühling,201510,2015,10,Herbst,False,5,24.62,12.4,17.28,50.36555645816409
12,201604,2016,4,Frühling,201510,2015,10,Herbst,False,6,24.62,11.73,21.9,47.64419171405361
12,201605,2016,5,Frühling,201510,2015,10,Herbst,False,7,24.62,11.69,21.16,47.48172217709179
12,201606,2016,6,Sommer,201510,2015,10,Herbst,False,8,24.62,11.7,26.07,47.522339561332245
12,201607,2016,7,Sommer,201510,2015,10,Herbst,False,9,24.62,11.43,24.34,46.425670186839966
12,201608,2016,8,Sommer,201510,2015,10,Herbst,False,10,24.62,11.01,22.55,44.71974004874086
12,201609,2016,9,Herbst,201510,2015,10,Herbst,False,11,24.62,10.94,30.83,44.43541835905767
12,201610,2016,10,Herbst,201510,2015,10,Herbst,False,12,24.62,11.72,38.06,47.60357432981316
12,201611,2016,11,Herbst,201510,2015,10,Herbst,False,13,24.62,11.79,66.29,47.88789601949634
12,201612,2016,12,Winter,201510,2015,10,Herbst,False,14,24.62,12.07,55.55,49.02518277822908
12,201701,2017,1,Winter,201510,2015,10,Herbst,False,15,24.62,11.37,31.19,46.18196588139723
12,201702,2017,2,Winter,201510,2015,10,Herbst,False,16,24.62,11.73,48.98,47.64419171405361
12,201703,2017,3,Frühling,201510,2015,10,Herbst,False,17,24.62,12.19,54.58,49.51259138911453
12,201704,2017,4,Frühling,201510,2015,10,Herbst,False,18,24.62,11.8,40.84,47.9285134037368
12,201705,2017,5,Frühling,201510,2015,10,Herbst,False,19,24.62,11.55,28.91,46.91307879772543
12,201706,2017,6,Sommer,201510,2015,10,Herbst,False,20,24.62,11.43,30.55,46.425670186839966
12,201707,2017,7,Sommer,201510,2015,10,Herbst,False,21,24.62,11.03,31.31,44.80097481722176
12,201708,2017,8,Sommer,201510,2015,10,Herbst,False,22,24.62,10.78,22.42,43.7855402112104
13,201511,2015,11,Herbst,201511,2015,11,Herbst,True,0,21.82,21.82,16.7,100.0
13,201512,2015,12,Winter,201511,2015,11,Herbst,False,1,21.82,13.17,13.99,60.35747021081577
13,201601,2016,1,Winter,201511,2015,11,Herbst,False,2,21.82,12.06,13.06,55.27039413382219
13,201602,2016,2,Winter,201511,2015,11,Herbst,False,3,21.82,11.51,19.2,52.749770852428966
13,201603,2016,3,Frühling,201511,2015,11,Herbst,False,4,21.82,11.46,16.76,52.52062328139322
13,201604,2016,4,Frühling,201511,2015,11,Herbst,False,5,21.82,10.69,19.81,48.99175068744271
13,201605,2016,5,Frühling,201511,2015,11,Herbst,False,6,21.82,10.52,20.05,48.21264894592117
13,201606,2016,6,Sommer,201511,2015,11,Herbst,False,7,21.82,10.48,23.42,48.02933088909258
13,201607,2016,7,Sommer,201511,2015,11,Herbst,False,8,21.82,10.25,21.99,46.97525206232814
13,201608,2016,8,Sommer,201511,2015,11,Herbst,False,9,21.82,9.75,21.32,44.68377635197066
13,201609,2016,9,Herbst,201511,2015,11,Herbst,False,10,21.82,9.69,28.35,44.40879926672777
13,201610,2016,10,Herbst,201511,2015,11,Herbst,False,11,21.82,10.41,34.75,47.708524289642526
13,201611,2016,11,Herbst,201511,2015,11,Herbst,False,12,21.82,10.6,61.07,48.57928505957837
13,201612,2016,12,Winter,201511,2015,11,Herbst,False,13,21.82,10.95,53.39,50.1833180568286
13,201701,2017,1,Winter,201511,2015,11,Herbst,False,14,21.82,10.28,29.75,47.11274060494958
13,201702,2017,2,Winter,201511,2015,11,Herbst,False,15,21.82,10.59,46.9,48.53345554537122
13,201703,2017,3,Frühling,201511,2015,11,Herbst,False,16,21.82,10.91,51.28,50.0
13,201704,2017,4,Frühling,201511,2015,11,Herbst,False,17,21.82,10.5,37.92,48.12098991750688
13,201705,2017,5,Frühling,201511,2015,11,Herbst,False,18,21.82,10.12,26.45,46.37946837763519
13,201706,2017,6,Sommer,201511,2015,11,Herbst,False,19,21.82,10.14,28.63,46.4711274060495
13,201707,2017,7,Sommer,201511,2015,11,Herbst,False,20,21.82,9.7,28.62,44.45462878093492
13,201708,2017,8,Sommer,201511,2015,11,Herbst,False,21,21.82,9.51,20.06,43.58386801099908
14,201512,2015,12,Winter,201512,2015,12,Winter,True,0,22.41,22.41,21.31,100.0
14,201601,2016,1,Winter,201512,2015,12,Winter,False,1,22.41,11.86,12.95,52.92280232039269
14,201602,2016,2,Winter,201512,2015,12,Winter,False,2,22.41,11.16,18.59,49.7991967871486
14,201603,2016,3,Frühling,201512,2015,12,Winter,False,3,22.41,10.91,16.39,48.68362338241856
14,201604,2016,4,Frühling,201512,2015,12,Winter,False,4,22.41,10.19,20.1,45.47077197679607
14,201605,2016,5,Frühling,201512,2015,12,Winter,False,5,22.41,9.79,17.34,43.68585452922802
14,201606,2016,6,Sommer,201512,2015,12,Winter,False,6,22.41,9.79,22.03,43.68585452922802
14,201607,2016,7,Sommer,201512,2015,12,Winter,False,7,22.41,9.65,20.65,43.0611334225792
14,201608,2016,8,Sommer,201512,2015,12,Winter,False,8,22.41,9.23,19.63,41.18697010263276
14,201609,2016,9,Herbst,201512,2015,12,Winter,False,9,22.41,8.99,26.02,40.11601963409193
14,201610,2016,10,Herbst,201512,2015,12,Winter,False,10,22.41,9.74,32.92,43.46273984828202
14,201611,2016,11,Herbst,201512,2015,12,Winter,False,11,22.41,10.1,59.02,45.06916555109326
14,201612,2016,12,Winter,201512,2015,12,Winter,False,12,22.41,10.54,53.12,47.03257474341812
14,201701,2017,1,Winter,201512,2015,12,Winter,False,13,22.41,9.81,27.22,43.77510040160642
14,201702,2017,2,Winter,201512,2015,12,Winter,False,14,22.41,10.0,44.35,44.62293618920125
14,201703,2017,3,Frühling,201512,2015,12,Winter,False,15,22.41,10.27,50.35,45.82775546630968
14,201704,2017,4,Frühling,201512,2015,12,Winter,False,16,22.41,9.85,36.2,43.95359214636323
14,201705,2017,5,Frühling,201512,2015,12,Winter,False,17,22.41,9.47,25.65,42.25792057117359
14,201706,2017,6,Sommer,201512,2015,12,Winter,False,18,22.41,9.44,27.3,42.12405176260598
14,201707,2017,7,Sommer,201512,2015,12,Winter,False,19,22.41,9.25,28.04,41.27621597501116
14,201708,2017,8,Sommer,201512,2015,12,Winter,False,20,22.41,8.98,19.8,40.07139669790272
15,201601,2016,1,Winter,201601,2016,1,Winter,True,0,21.36,21.36,18.33,100.0
15,201602,2016,2,Winter,201601,2016,1,Winter,False,1,21.36,12.9,22.18,60.3932584269663
15,201603,2016,3,Frühling,201601,2016,1,Winter,False,2,21.36,12.13,17.79,56.78838951310862
15,201604,2016,4,Frühling,201601,2016,1,Winter,False,3,21.36,11.26,21.63,52.71535580524345
15,201605,2016,5,Frühling,201601,2016,1,Winter,False,4,21.36,10.64,19.46,49.81273408239701
15,201606,2016,6,Sommer,201601,2016,1,Winter,False,5,21.36,10.61,23.31,49.672284644194754
15,201607,2016,7,Sommer,201601,2016,1,Winter,False,6,21.36,10.22,21.32,47.84644194756555
15,201608,2016,8,Sommer,201601,2016,1,Winter,False,7,21.36,9.68,20.46,45.31835205992509
15,201609,2016,9,Herbst,201601,2016,1,Winter,False,8,21.36,9.41,27.5,44.05430711610487
15,201610,2016,10,Herbst,201601,2016,1,Winter,False,9,21.36,10.05,33.83,47.05056179775281
15,201611,2016,11,Herbst,201601,2016,1,Winter,False,10,21.36,10.31,59.73,48.26779026217229
15,201612,2016,12,Winter,201601,2016,1,Winter,False,11,21.36,10.8,52.21,50.56179775280899
15,201701,2017,1,Winter,201601,2016,1,Winter,False,12,21.36,10.07,28.61,47.14419475655431
15,201702,2017,2,Winter,201601,2016,1,Winter,False,13,21.36,10.3,45.0,48.22097378277154
15,201703,2017,3,Frühling,201601,2016,1,Winter,False,14,21.36,10.69,50.03,50.046816479400746
15,201704,2017,4,Frühling,201601,2016,1,Winter,False,15,21.36,10.17,36.98,47.6123595505618
15,201705,2017,5,Frühling,201601,2016,1,Winter,False,16,21.36,9.75,25.39,45.64606741573034
15,201706,2017,6,Sommer,201601,2016,1,Winter,False,17,21.36,9.71,27.08,45.45880149812734
15,201707,2017,7,Sommer,201601,2016,1,Winter,False,18,21.36,9.4,27.37,44.00749063670412
15,201708,2017,8,Sommer,201601,2016,1,Winter,False,19,21.36,9.16,20.26,42.88389513108614
16,201602,2016,2,Winter,201602,2016,2,Winter,True,0,24.85,24.85,33.2,100.0
16,201603,2016,3,Frühling,201602,2016,2,Winter,False,1,24.85,15.29,22.45,61.5291750503018
16,201604,2016,4,Frühling,201602,2016,2,Winter,False,2,24.85,13.66,25.27,54.969818913480886
16,201605,2016,5,Frühling,201602,2016,2,Winter,False,3,24.85,12.74,23.97,51.267605633802816
16,201606,2016,6,Sommer,201602,2016,2,Winter,False,4,24.85,12.55,28.15,50.50301810865191
16,201607,2016,7,Sommer,201602,2016,2,Winter,False,5,24.85,12.15,26.61,48.89336016096579
16,201608,2016,8,Sommer,201602,2016,2,Winter,False,6,24.85,11.45,24.69,46.07645875251509
16,201609,2016,9,Herbst,201602,2016,2,Winter,False,7,24.85,11.19,32.1,45.03018108651912
16,201610,2016,10,Herbst,201602,2016,2,Winter,False,8,24.85,11.88,40.4,47.80684104627767
16,201611,2016,11,Herbst,201602,2016,2,Winter,False,9,24.85,12.21,69.77,49.13480885311871
16,201612,2016,12,Winter,201602,2016,2,Winter,False,10,24.85,12.48,59.28,50.22132796780684
16,201701,2017,1,Winter,201602,2016,2,Winter,False,11,24.85,11.73,33.02,47.203219315895375
16,201702,2017,2,Winter,201602,2016,2,Winter,False,12,24.85,11.98,55.59,48.2092555331992
16,201703,2017,3,Frühling,201602,2016,2,Winter,False,13,24.85,12.41,59.74,49.93963782696177
16,201704,2017,4,Frühling,201602,2016,2,Winter,False,14,24.85,11.75,43.93,47.28370221327968
16,201705,2017,5,Frühling,201602,2016,2,Winter,False,15,24.85,11.26,29.64,45.31187122736418
16,201706,2017,6,Sommer,201602,2016,2,Winter,False,16,24.85,11.32,32.28,45.5533199195171
16,201707,2017,7,Sommer,201602,2016,2,Winter,False,17,24.85,10.81,32.07,43.501006036217305
16,201708,2017,8,Sommer,201602,2016,2,Winter,False,18,24.85,10.68,22.97,42.97786720321931
17,201603,2016,3,Frühling,201603,2016,3,Frühling,True,0,24.51,24.51,24.66,100.0
17,201604,2016,4,Frühling,201603,2016,3,Frühling,False,1,24.51,14.05,21.96,57.32354141166872
17,201605,2016,5,Frühling,201603,2016,3,Frühling,False,2,24.51,12.74,20.22,51.97878416972664
17,201606,2016,6,Sommer,201603,2016,3,Frühling,False,3,24.51,12.32,25.35,50.26519787841697
17,201607,2016,7,Sommer,201603,2016,3,Frühling,False,4,24.51,11.93,23.04,48.67401060791513
17,201608,2016,8,Sommer,201603,2016,3,Frühling,False,5,24.51,10.87,20.89,44.34924520603835
17,201609,2016,9,Herbst,201603,2016,3,Frühling,False,6,24.51,10.84,29.65,44.226846185230514
17,201610,2016,10,Herbst,201603,2016,3,Frühling,False,7,24.51,11.49,36.36,46.87882496940024
17,201611,2016,11,Herbst,201603,2016,3,Frühling,False,8,24.51,11.65,63.21,47.53161974704202
17,201612,2016,12,Winter,201603,2016,3,Frühling,False,9,24.51,11.97,54.03,48.837209302325576
17,201701,2017,1,Winter,201603,2016,3,Frühling,False,10,24.51,11.12,28.96,45.36923704610363
17,201702,2017,2,Winter,201603,2016,3,Frühling,False,11,24.51,11.4,47.99,46.51162790697674
17,201703,2017,3,Frühling,201603,2016,3,Frühling,False,12,24.51,11.87,52.06,48.42921256629946
17,201704,2017,4,Frühling,201603,2016,3,Frühling,False,13,24.51,11.26,38.05,45.94043247654018
17,201705,2017,5,Frühling,201603,2016,3,Frühling,False,14,24.51,10.59,26.51,43.20685434516523
17,201706,2017,6,Sommer,201603,2016,3,Frühling,False,15,24.51,10.61,28.08,43.28845369237045
17,201707,2017,7,Sommer,201603,2016,3,Frühling,False,16,24.51,10.28,27.96,41.942064463484286
17,201708,2017,8,Sommer,201603,2016,3,Frühling,False,17,24.51,10.18,21.03,41.53406772745817
18,201604,2016,4,Frühling,201604,2016,4,Frühling,True,0,21.59,21.59,35.31,100.0
18,201605,2016,5,Frühling,201604,2016,4,Frühling,False,1,21.59,12.19,19.85,56.46132468735525
18,201606,2016,6,Sommer,201604,2016,4,Frühling,False,2,21.59,11.61,22.44,53.77489578508568
18,201607,2016,7,Sommer,201604,2016,4,Frühling,False,3,21.59,10.85,20.98,50.25474756831867
18,201608,2016,8,Sommer,201604,2016,4,Frühling,False,4,21.59,9.98,20.01,46.22510421491432
18,201609,2016,9,Herbst,201604,2016,4,Frühling,False,5,21.59,9.74,25.08,45.113478462251045
18,201610,2016,10,Herbst,201604,2016,4,Frühling,False,6,21.59,10.28,32.02,47.6146364057434
18,201611,2016,11,Herbst,201604,2016,4,Frühling,False,7,21.59,10.3,56.54,47.70727188513201
18,201612,2016,12,Winter,201604,2016,4,Frühling,False,8,21.59,10.7,46.42,49.55998147290412
18,201701,2017,1,Winter,201604,2016,4,Frühling,False,9,21.59,9.78,24.73,45.29874942102825
18,201702,2017,2,Winter,201604,2016,4,Frühling,False,10,21.59,10.02,40.0,46.41037517369152
18,201703,2017,3,Frühling,201604,2016,4,Frühling,False,11,21.59,10.51,46.14,48.67994441871237
18,201704,2017,4,Frühling,201604,2016,4,Frühling,False,12,21.59,10.03,32.91,46.45669291338582
18,201705,2017,5,Frühling,201604,2016,4,Frühling,False,13,21.59,9.76,24.09,45.20611394163965
18,201706,2017,6,Sommer,201604,2016,4,Frühling,False,14,21.59,9.6,24.83,44.4650301065308
18,201707,2017,7,Sommer,201604,2016,4,Frühling,False,15,21.59,9.26,25.59,42.8902269569245
18,201708,2017,8,Sommer,201604,2016,4,Frühling,False,16,21.59,9.03,18.54,41.82491894395553
19,201605,2016,5,Frühling,201605,2016,5,Frühling,True,0,19.8,19.8,22.43,100.0
19,201606,2016,6,Sommer,201605,2016,5,Frühling,False,1,19.8,11.51,21.37,58.13131313131312
19,201607,2016,7,Sommer,201605,2016,5,Frühling,False,2,19.8,10.39,18.77,52.474747474747474
19,201608,2016,8,Sommer,201605,2016,5,Frühling,False,3,19.8,9.54,16.6,48.18181818181817
19,201609,2016,9,Herbst,201605,2016,5,Frühling,False,4,19.8,9.01,20.35,45.505050505050505
19,201610,2016,10,Herbst,201605,2016,5,Frühling,False,5,19.8,9.41,26.65,47.525252525252526
19,201611,2016,11,Herbst,201605,2016,5,Frühling,False,6,19.8,9.33,44.66,47.12121212121212
19,201612,2016,12,Winter,201605,2016,5,Frühling,False,7,19.8,9.45,39.11,47.72727272727273
19,201701,2017,1,Winter,201605,2016,5,Frühling,False,8,19.8,8.72,20.83,44.04040404040404
19,201702,2017,2,Winter,201605,2016,5,Frühling,False,9,19.8,9.05,34.05,45.70707070707071
19,201703,2017,3,Frühling,201605,2016,5,Frühling,False,10,19.8,9.45,37.13,47.72727272727273
19,201704,2017,4,Frühling,201605,2016,5,Frühling,False,11,19.8,9.02,29.59,45.55555555555555
19,201705,2017,5,Frühling,201605,2016,5,Frühling,False,12,19.8,8.85,20.49,44.696969696969695
19,201706,2017,6,Sommer,201605,2016,5,Frühling,False,13,19.8,8.77,21.07,44.29292929292929
19,201707,2017,7,Sommer,201605,2016,5,Frühling,False,14,19.8,8.33,22.2,42.07070707070707
19,201708,2017,8,Sommer,201605,2016,5,Frühling,False,15,19.8,8.15,15.77,41.16161616161616
20,201606,2016,6,Sommer,201606,2016,6,Sommer,True,0,26.81,26.81,56.48,100.0
20,201607,2016,7,Sommer,201606,2016,6,Sommer,False,1,26.81,14.8,26.28,55.20328235732936
20,201608,2016,8,Sommer,201606,2016,6,Sommer,False,2,26.81,13.19,23.42,49.19806042521447
20,201609,2016,9,Herbst,201606,2016,6,Sommer,False,3,26.81,12.22,28.22,45.58000745990303
20,201610,2016,10,Herbst,201606,2016,6,Sommer,False,4,26.81,12.41,36.86,46.28869824692279
20,201611,2016,11,Herbst,201606,2016,6,Sommer,False,5,26.81,12.27,61.02,45.76650503543454
20,201612,2016,12,Winter,201606,2016,6,Sommer,False,6,26.81,12.34,50.02,46.02760164117867
20,201701,2017,1,Winter,201606,2016,6,Sommer,False,7,26.81,11.19,24.92,41.73815740395375
20,201702,2017,2,Winter,201606,2016,6,Sommer,False,8,26.81,11.48,41.87,42.81984334203656
20,201703,2017,3,Frühling,201606,2016,6,Sommer,False,9,26.81,12.02,47.31,44.83401715777695
20,201704,2017,4,Frühling,201606,2016,6,Sommer,False,10,26.81,11.45,35.9,42.70794479671764
20,201705,2017,5,Frühling,201606,2016,6,Sommer,False,11,26.81,11.24,25.79,41.92465497948527
20,201706,2017,6,Sommer,201606,2016,6,Sommer,False,12,26.81,11.41,27.46,42.55874673629243
20,201707,2017,7,Sommer,201606,2016,6,Sommer,False,13,26.81,10.79,27.67,40.24617679970161
20,201708,2017,8,Sommer,201606,2016,6,Sommer,False,14,26.81,10.46,20.13,39.01529280119359
21,201607,2016,7,Sommer,201607,2016,7,Sommer,True,0,26.54,26.54,33.8,100.0
21,201608,2016,8,Sommer,201607,2016,7,Sommer,False,1,26.54,14.06,25.31,52.97663903541824
21,201609,2016,9,Herbst,201607,2016,7,Sommer,False,2,26.54,12.38,28.52,46.646571213263
21,201610,2016,10,Herbst,201607,2016,7,Sommer,False,3,26.54,12.59,37.36,47.437829691032405
21,201611,2016,11,Herbst,201607,2016,7,Sommer,False,4,26.54,12.37,63.8,46.60889223813112
21,201612,2016,12,Winter,201607,2016,7,Sommer,False,5,26.54,12.51,52.94,47.1363978899774
21,201701,2017,1,Winter,201607,2016,7,Sommer,False,6,26.54,11.39,28.23,42.91635267520724
21,201702,2017,2,Winter,201607,2016,7,Sommer,False,7,26.54,11.57,45.89,43.59457422758101
21,201703,2017,3,Frühling,201607,2016,7,Sommer,False,8,26.54,12.03,48.27,45.32780708364733
21,201704,2017,4,Frühling,201607,2016,7,Sommer,False,9,26.54,11.49,37.81,43.293142426526
21,201705,2017,5,Frühling,201607,2016,7,Sommer,False,10,26.54,11.15,26.06,42.0120572720422
21,201706,2017,6,Sommer,201607,2016,7,Sommer,False,11,26.54,11.17,27.83,42.08741522230595
21,201707,2017,7,Sommer,201607,2016,7,Sommer,False,12,26.54,11.27,28.37,42.46420497362472
21,201708,2017,8,Sommer,201607,2016,7,Sommer,False,13,26.54,10.81,20.73,40.73097211755841
22,201608,2016,8,Sommer,201608,2016,8,Sommer,True,0,22.85,22.85,35.92,100.0
22,201609,2016,9,Herbst,201608,2016,8,Sommer,False,1,22.85,12.33,27.79,53.96061269146608
22,201610,2016,10,Herbst,201608,2016,8,Sommer,False,2,22.85,11.78,35.47,51.553610503282265
22,201611,2016,11,Herbst,201608,2016,8,Sommer,False,3,22.85,11.41,57.41,49.93435448577681
22,201612,2016,12,Winter,201608,2016,8,Sommer,False,4,22.85,11.22,47.24,49.10284463894967
22,201701,2017,1,Winter,201608,2016,8,Sommer,False,5,22.85,10.07,23.77,44.07002188183807
22,201702,2017,2,Winter,201608,2016,8,Sommer,False,6,22.85,10.29,40.18,45.03282275711159
22,201703,2017,3,Frühling,201608,2016,8,Sommer,False,7,22.85,10.5,43.59,45.95185995623632
22,201704,2017,4,Frühling,201608,2016,8,Sommer,False,8,22.85,10.12,33.21,44.28884026258205
22,201705,2017,5,Frühling,201608,2016,8,Sommer,False,9,22.85,9.7,21.52,42.4507658643326
22,201706,2017,6,Sommer,201608,2016,8,Sommer,False,10,22.85,9.57,23.12,41.881838074398246
22,201707,2017,7,Sommer,201608,2016,8,Sommer,False,11,22.85,9.42,25.15,41.2253829321663
22,201708,2017,8,Sommer,201608,2016,8,Sommer,False,12,22.85,9.33,18.07,40.83150984682713
23,201609,2016,9,Herbst,201609,2016,9,Herbst,True,0,27.14,27.14,48.78,100.0
23,201610,2016,10,Herbst,201609,2016,9,Herbst,False,1,27.14,16.84,55.08,62.04863669859984
23,201611,2016,11,Herbst,201609,2016,9,Herbst,False,2,27.14,15.75,85.64,58.03242446573324
23,201612,2016,12,Winter,201609,2016,9,Herbst,False,3,27.14,15.26,64.96,56.22697126013264
23,201701,2017,1,Winter,201609,2016,9,Herbst,False,4,27.14,13.6,32.02,50.1105379513633
23,201702,2017,2,Winter,201609,2016,9,Herbst,False,5,27.14,13.58,52.24,50.03684598378777
23,201703,2017,3,Frühling,201609,2016,9,Herbst,False,6,27.14,13.95,58.35,51.40014738393515
23,201704,2017,4,Frühling,201609,2016,9,Herbst,False,7,27.14,13.03,42.23,48.010316875460575
23,201705,2017,5,Frühling,201609,2016,9,Herbst,False,8,27.14,12.48,29.72,45.983787767133386
23,201706,2017,6,Sommer,201609,2016,9,Herbst,False,9,27.14,12.32,31.46,45.39425202652911
23,201707,2017,7,Sommer,201609,2016,9,Herbst,False,10,27.14,11.48,31.09,42.299189388356666
23,201708,2017,8,Sommer,201609,2016,9,Herbst,False,11,27.14,11.27,24.01,41.52542372881356
24,201610,2016,10,Herbst,201610,2016,10,Herbst,True,0,34.79,34.79,82.85,100.0
24,201611,2016,11,Herbst,201610,2016,10,Herbst,False,1,34.79,21.14,120.49,60.7645875251509
24,201612,2016,12,Winter,201610,2016,10,Herbst,False,2,34.79,20.11,89.29,57.80396665708537
24,201701,2017,1,Winter,201610,2016,10,Herbst,False,3,34.79,17.66,45.38,50.76171313595861
24,201702,2017,2,Winter,201610,2016,10,Herbst,False,4,34.79,17.53,69.36,50.38804254096006
24,201703,2017,3,Frühling,201610,2016,10,Herbst,False,5,34.79,18.06,74.76,51.91146881287726
24,201704,2017,4,Frühling,201610,2016,10,Herbst,False,6,34.79,16.61,52.93,47.74360448404714
24,201705,2017,5,Frühling,201610,2016,10,Herbst,False,7,34.79,15.56,35.21,44.72549583213568
24,201706,2017,6,Sommer,201610,2016,10,Herbst,False,8,34.79,15.34,37.53,44.09313020983041
24,201707,2017,7,Sommer,201610,2016,10,Herbst,False,9,34.79,14.35,37.69,41.24748490945674
24,201708,2017,8,Sommer,201610,2016,10,Herbst,False,10,34.79,14.1,27.68,40.52888761138258
25,201611,2016,11,Herbst,201611,2016,11,Herbst,True,0,38.13,38.13,168.72,100.0
25,201612,2016,12,Winter,201611,2016,11,Herbst,False,1,38.13,23.28,100.14,61.05428796223445
25,201701,2017,1,Winter,201611,2016,11,Herbst,False,2,38.13,19.59,50.47,51.37686860739574
25,201702,2017,2,Winter,201611,2016,11,Herbst,False,3,38.13,19.7,79.66,51.66535536323104
25,201703,2017,3,Frühling,201611,2016,11,Herbst,False,4,38.13,20.08,83.43,52.66194597429844
25,201704,2017,4,Frühling,201611,2016,11,Herbst,False,5,38.13,18.26,60.48,47.88880146865985
25,201705,2017,5,Frühling,201611,2016,11,Herbst,False,6,38.13,16.53,39.1,43.35169158143194
25,201706,2017,6,Sommer,201611,2016,11,Herbst,False,7,38.13,16.27,41.31,42.66981379491214
25,201707,2017,7,Sommer,201611,2016,11,Herbst,False,8,38.13,15.28,41.43,40.07343299239444
25,201708,2017,8,Sommer,201611,2016,11,Herbst,False,9,38.13,15.08,30.24,39.54891161814844
26,201612,2016,12,Winter,201612,2016,12,Winter,True,0,40.21,40.21,124.22,100.0
26,201701,2017,1,Winter,201612,2016,12,Winter,False,1,40.21,20.73,45.64,51.55433971648844
26,201702,2017,2,Winter,201612,2016,12,Winter,False,2,40.21,20.25,74.35,50.36060681422532
26,201703,2017,3,Frühling,201612,2016,12,Winter,False,3,40.21,20.49,74.42,50.95747326535687
26,201704,2017,4,Frühling,201612,2016,12,Winter,False,4,40.21,18.29,51.6,45.48619746331758
26,201705,2017,5,Frühling,201612,2016,12,Winter,False,5,40.21,16.62,33.25,41.33300174086049
26,201706,2017,6,Sommer,201612,2016,12,Winter,False,6,40.21,16.35,33.99,40.66152698333748
26,201707,2017,7,Sommer,201612,2016,12,Winter,False,7,40.21,15.58,35.79,38.746580452623725
26,201708,2017,8,Sommer,201612,2016,12,Winter,False,8,40.21,15.05,26.36,37.42850037304154
27,201701,2017,1,Winter,201701,2017,1,Winter,True,0,24.23,24.23,49.07,100.0
27,201702,2017,2,Winter,201701,2017,1,Winter,False,1,24.23,13.4,47.19,55.30334296326868
27,201703,2017,3,Frühling,201701,2017,1,Winter,False,2,24.23,12.86,43.99,53.07470078415187
27,201704,2017,4,Frühling,201701,2017,1,Winter,False,3,24.23,11.65,29.63,48.08089145687165
27,201705,2017,5,Frühling,201701,2017,1,Winter,False,4,24.23,10.36,19.74,42.7569129178704
27,201706,2017,6,Sommer,201701,2017,1,Winter,False,5,24.23,10.13,19.46,41.807676434172514
27,201707,2017,7,Sommer,201701,2017,1,Winter,False,6,24.23,9.49,20.54,39.16632274040446
27,201708,2017,8,Sommer,201701,2017,1,Winter,False,7,24.23,9.17,15.07,37.84564589352043
28,201702,2017,2,Winter,201702,2017,2,Winter,True,0,26.84,26.84,74.11,100.0
28,201703,2017,3,Frühling,201702,2017,2,Winter,False,1,26.84,15.14,49.2,56.40834575260805
28,201704,2017,4,Frühling,201702,2017,2,Winter,False,2,26.84,13.06,32.99,48.65871833084948
28,201705,2017,5,Frühling,201702,2017,2,Winter,False,3,26.84,11.6,20.15,43.21907600596125
28,201706,2017,6,Sommer,201702,2017,2,Winter,False,4,26.84,10.93,20.02,40.72280178837556
28,201707,2017,7,Sommer,201702,2017,2,Winter,False,5,26.84,10.18,21.33,37.928464977645305
28,201708,2017,8,Sommer,201702,2017,2,Winter,False,6,26.84,9.75,13.84,36.32637853949329
29,201703,2017,3,Frühling,201703,2017,3,Frühling,True,0,27.83,27.83,68.64,100.0
29,201704,2017,4,Frühling,201703,2017,3,Frühling,False,1,27.83,13.89,31.4,49.910168882500905
29,201705,2017,5,Frühling,201703,2017,3,Frühling,False,2,27.83,12.11,20.95,43.51419331656486
29,201706,2017,6,Sommer,201703,2017,3,Frühling,False,3,27.83,11.63,19.01,41.78943586058212
29,201707,2017,7,Sommer,201703,2017,3,Frühling,False,4,27.83,10.46,20.8,37.58533956162415
29,201708,2017,8,Sommer,201703,2017,3,Frühling,False,5,27.83,9.95,13.56,35.75278476464247
30,201704,2017,4,Frühling,201704,2017,4,Frühling,True,0,20.29,20.29,34.72,100.0
30,201705,2017,5,Frühling,201704,2017,4,Frühling,False,1,20.29,10.04,16.37,49.48250369640217
30,201706,2017,6,Sommer,201704,2017,4,Frühling,False,2,20.29,9.09,14.62,44.80039428289798
30,201707,2017,7,Sommer,201704,2017,4,Frühling,False,3,20.29,8.29,15.15,40.85756530310498
30,201708,2017,8,Sommer,201704,2017,4,Frühling,False,4,20.29,7.77,11.19,38.29472646623952
31,201705,2017,5,Frühling,201705,2017,5,Frühling,True,0,18.06,18.06,20.85,100.0
31,201706,2017,6,Sommer,201705,2017,5,Frühling,False,1,18.06,9.38,13.43,51.93798449612403
31,201707,2017,7,Sommer,201705,2017,5,Frühling,False,2,18.06,7.88,13.33,43.63233665559248
31,201708,2017,8,Sommer,201705,2017,5,Frühling,False,3,18.06,7.42,8.88,41.08527131782946
32,201706,2017,6,Sommer,201706,2017,6,Sommer,True,0,18.36,18.36,21.91,100.0
32,201707,2017,7,Sommer,201706,2017,6,Sommer,False,1,18.36,9.45,17.88,51.47058823529412
32,201708,2017,8,Sommer,201706,2017,6,Sommer,False,2,18.36,8.4,10.59,45.751633986928105
33,201707,2017,7,Sommer,201707,2017,7,Sommer,True,0,17.49,17.49,23.76,100.0
33,201708,2017,8,Sommer,201707,2017,7,Sommer,False,1,17.49,8.54,11.85,48.82790165809034
34,201708,2017,8,Sommer,201708,2017,8,Sommer,True,0,15.13,15.13,14.28,100.0
