MONATE_SEIT_EINFUEHRUNG_PROGRAMM_KOHORTE,MONAT,KOHORTE,ERSTER_MONAT_KOHORTE_FG,MONATE_SEIT_EXISTENZ_KOHORTE,KOHORTENGROESSE_INDEXIERT,KOHORTENGROESSE_KUMULIERT_INDEXIERT,IDENTIFIZIERTE_KUNDEN_INDEXIERT,RETENTIONRATE,UMSATZ_INDEXIERT,MONATLICHER_UMSATZ_INDEXIERT,UMSATZANTEIL_KOHORTE,ANZ_BONS_INDEXIERT,ABVERKAUF_INDEXIERT,RABATT_INDEXIERT,FREQUENZ_INDEXIERT,DURCHSCHNITTSBON_INDEXIERT,STUECKBON_INDEXIERT,UMSATZ_JE_KUNDE_INDEXIERT,ABVERKAUF_JE_KUNDE_INDEXIERT,RABATT_JE_KUNDE_INDEXIERT
-2,201408,201408,1,0,0.41,0.08,0.41,100.000000,0.16,0.03,0.104058272600,0.54,0.20,2.54,131.29,29.28,37.51,38.45,49.24,615.67
-2,201409,201408,0,1,0.41,0.08,0.40,95.846600,1.14,2.51,0.007667752100,2.54,1.41,7.14,641.94,44.77,55.55,287.41,356.62,1805.14
-2,201410,201408,0,2,0.41,0.08,0.39,94.249200,1.58,98.86,0.000270010600,3.38,1.85,9.28,868.77,46.60,54.67,404.81,474.95,2385.68
-2,201411,201408,0,3,0.41,0.08,0.38,91.373800,1.33,100.00,0.000225980300,2.92,1.44,3.22,774.33,45.65,49.19,353.50,380.91,852.38
-2,201412,201408,0,4,0.41,0.08,0.38,91.373800,1.76,124.57,0.000238901300,2.93,1.71,7.15,776.19,59.98,58.46,465.54,453.73,1894.07
-2,201501,201408,0,5,0.41,0.08,0.37,88.817900,1.19,112.12,0.000180531500,2.29,1.27,3.39,623.87,52.21,55.48,325.73,346.12,924.82
-2,201502,201408,0,6,0.41,0.08,0.36,87.859400,1.02,98.69,0.000174801600,1.72,1.04,2.26,474.14,59.19,60.49,280.65,286.82,623.35
-2,201503,201408,0,7,0.41,0.08,0.35,84.664500,1.16,114.62,0.000172181100,2.02,1.21,2.88,577.02,57.74,59.78,333.19,344.95,822.79
-2,201504,201408,0,8,0.41,0.08,0.35,83.706100,1.24,116.90,0.000179230700,2.06,1.20,2.63,595.67,60.06,58.14,357.77,346.34,761.85
-2,201505,201408,0,9,0.41,0.08,0.35,84.984000,1.39,129.83,0.000181170800,2.40,1.36,3.30,683.58,57.88,56.90,395.63,388.97,939.53
-2,201506,201408,0,10,0.41,0.08,0.35,84.984000,1.59,131.75,0.000205092400,2.62,1.57,5.10,746.87,60.85,59.98,454.48,448.00,1453.34
-2,201507,201408,0,11,0.41,0.08,0.34,83.386600,1.40,141.43,0.000167540500,2.17,1.43,3.07,629.27,64.55,66.06,406.16,415.66,893.02
-2,201508,201408,0,12,0.41,0.08,0.34,83.067100,1.34,132.63,0.000171276000,2.10,1.39,2.75,612.72,63.79,66.10,390.88,405.01,803.24
-2,201509,201408,0,13,0.41,0.08,0.33,79.233200,1.16,127.05,0.000154726900,1.91,1.16,2.32,583.97,60.73,60.84,354.64,355.28,709.31
-2,201510,201408,0,14,0.41,0.08,0.34,81.469600,1.21,140.60,0.000146338300,1.98,1.14,2.65,589.20,61.27,57.44,361.00,338.44,788.43
-2,201511,201408,0,15,0.41,0.08,0.34,81.469600,1.18,136.74,0.000146485000,1.91,1.05,2.56,569.16,61.75,54.81,351.43,311.95,761.05
-2,201512,201408,0,16,0.41,0.08,0.34,81.789100,1.53,167.20,0.000155029700,1.95,1.17,3.17,577.18,78.49,60.21,453.02,347.49,939.47
-2,201601,201408,0,17,0.41,0.08,0.32,78.594200,1.09,151.10,0.000122361300,1.73,0.95,2.48,532.20,63.18,55.11,336.26,293.30,764.53
-2,201602,201408,0,18,0.41,0.08,0.34,81.789100,1.09,138.42,0.000133595200,1.79,0.93,3.43,529.63,61.02,52.00,323.17,275.43,1014.31
-2,201603,201408,0,19,0.41,0.08,0.32,78.274800,1.31,171.54,0.000129345000,2.13,1.16,3.20,659.67,61.42,54.28,405.18,358.06,989.71
-2,201604,201408,0,20,0.41,0.08,0.33,80.511200,1.35,172.53,0.000132210500,2.04,1.17,4.67,613.49,66.01,57.35,404.96,351.84,1406.30
-2,201605,201408,0,21,0.41,0.08,0.32,77.955300,1.28,183.72,0.000117681300,1.98,1.14,3.57,615.94,64.36,57.75,396.43,355.70,1110.47
-2,201606,201408,0,22,0.41,0.08,0.33,80.191700,1.32,182.30,0.000122448800,2.06,1.22,4.85,622.48,63.92,59.19,397.88,368.44,1465.31
-2,201607,201408,0,23,0.41,0.08,0.33,80.191700,1.21,191.25,0.000107360600,1.75,1.18,2.86,528.32,69.27,67.28,365.98,355.44,864.11
-2,201608,201408,0,24,0.41,0.08,0.32,77.955300,1.18,174.95,0.000113879800,1.74,1.12,3.78,540.56,67.58,64.27,365.30,347.43,1174.16
-2,201609,201408,0,25,0.41,0.08,0.33,80.191700,1.16,168.55,0.000116507900,1.78,1.11,4.30,536.29,65.27,62.60,350.03,335.71,1297.92
-2,201610,201408,0,26,0.41,0.08,0.33,80.830700,1.28,197.33,0.000109604000,1.92,1.15,4.77,575.07,66.51,59.85,382.46,344.15,1429.31
-2,201611,201408,0,27,0.41,0.08,0.34,81.789100,1.28,193.64,0.000112139800,1.88,1.09,8.00,557.05,68.13,57.74,379.49,321.64,2370.15
-2,201612,201408,0,28,0.41,0.08,0.35,83.706100,1.75,237.22,0.000125295800,1.99,1.33,9.73,575.83,88.14,66.78,507.54,384.57,2816.43
-2,201701,201408,0,29,0.41,0.08,0.33,79.233200,1.20,202.51,0.000100452900,1.64,1.03,4.23,501.03,73.24,62.68,366.98,314.05,1292.04
-2,201702,201408,0,30,0.41,0.08,0.33,79.872200,1.19,194.83,0.000103379000,1.56,1.04,5.39,472.15,76.34,66.50,360.45,314.00,1635.12
-2,201703,201408,0,31,0.41,0.08,0.34,82.108600,1.49,245.71,0.000102865300,1.97,1.29,7.71,580.29,75.82,65.78,440.00,381.73,2273.17
-2,201704,201408,0,32,0.41,0.08,0.34,81.789100,1.24,210.78,0.000099528400,1.82,1.08,4.83,538.83,68.04,59.57,366.63,320.99,1428.98
-2,201705,201408,0,33,0.41,0.08,0.33,80.830700,1.32,235.78,0.000095210100,1.73,1.18,3.44,516.95,76.79,68.44,396.97,353.79,1030.87
-2,201706,201408,0,34,0.41,0.08,0.32,78.594200,1.23,222.73,0.000093559600,1.63,1.14,4.16,501.32,75.60,70.21,378.98,351.98,1282.88
-2,201707,201408,0,35,0.41,0.08,0.33,79.233200,1.20,220.90,0.000091709500,1.57,1.12,3.79,480.61,76.04,71.39,365.47,343.11,1159.23
-2,201708,201408,0,36,0.41,0.08,0.31,74.440900,1.11,211.60,0.000089210600,1.54,1.02,2.90,502.02,72.20,65.84,362.46,330.52,942.80
-1,201409,201409,1,0,27.34,5.52,27.34,100.000000,15.31,2.51,0.103187767300,22.15,17.16,47.67,81.02,69.09,77.44,55.98,62.75,174.34
-1,201410,201409,0,1,27.34,5.52,26.22,95.894400,69.07,98.86,0.011840110900,96.28,77.91,252.32,367.23,71.74,80.92,263.45,297.16,962.39
-1,201411,201409,0,2,27.34,5.52,23.16,84.721200,55.48,100.00,0.009402145300,74.54,60.39,96.07,321.79,74.44,81.01,239.53,260.69,414.72
-1,201412,201409,0,3,27.34,5.52,23.62,86.375900,64.09,124.57,0.008717850500,73.51,64.67,149.79,311.29,87.18,87.97,271.37,273.86,634.26
-1,201501,201409,0,4,27.34,5.52,22.80,83.375100,54.39,112.12,0.008220095400,66.37,57.07,95.79,291.14,81.95,85.99,238.58,250.35,420.19
-1,201502,201409,0,5,27.34,5.52,22.55,82.477800,49.79,98.69,0.008549261000,60.00,51.39,73.62,266.09,82.98,85.64,220.80,227.88,326.46
-1,201503,201409,0,6,27.34,5.52,22.32,81.628700,53.80,114.62,0.007953804400,67.14,55.46,86.98,300.81,80.14,82.61,241.06,248.51,389.75
-1,201504,201409,0,7,27.34,5.52,21.59,78.960800,56.13,116.90,0.008137287700,66.32,54.06,78.78,307.21,84.64,81.52,260.02,250.43,364.94
-1,201505,201409,0,8,27.34,5.52,21.72,79.433600,60.08,129.83,0.007840914200,73.03,57.62,96.85,336.26,82.26,78.91,276.62,265.33,445.93
-1,201506,201409,0,9,27.34,5.52,21.67,79.240600,60.97,131.75,0.007842160600,75.38,60.48,136.43,347.94,80.89,80.23,281.44,279.16,629.70
-1,201507,201409,0,10,27.34,5.52,21.47,78.521800,59.72,141.43,0.007156150300,71.57,59.86,117.33,333.36,83.45,83.64,278.20,278.81,546.51
-1,201508,201409,0,11,27.34,5.52,21.37,78.155200,55.87,132.63,0.007138878500,69.79,57.03,94.39,326.62,80.06,81.71,261.48,266.88,441.72
-1,201509,201409,0,12,27.34,5.52,21.83,79.843700,53.79,127.05,0.007174509800,68.27,51.78,77.03,312.73,78.79,75.84,246.42,237.18,352.87
-1,201510,201409,0,13,27.34,5.52,21.61,79.052500,56.29,140.60,0.006784368800,69.61,51.66,92.53,322.05,80.87,74.22,260.45,239.02,428.13
-1,201511,201409,0,14,27.34,5.52,21.07,77.045500,56.38,136.74,0.006987127700,66.90,49.86,87.30,317.59,84.28,74.52,267.66,236.68,414.43
-1,201512,201409,0,15,27.34,5.52,21.24,77.677500,64.14,167.20,0.006500371500,64.13,51.92,91.71,301.97,100.01,80.96,302.01,244.48,431.84
-1,201601,201409,0,16,27.34,5.52,21.15,77.359100,56.39,151.10,0.006323724700,63.93,48.33,92.30,302.26,88.20,75.60,266.60,228.51,436.41
-1,201602,201409,0,17,27.34,5.52,21.22,77.600300,54.76,138.42,0.006704246600,63.06,45.94,116.25,297.21,86.84,72.85,258.11,216.51,547.92
-1,201603,201409,0,18,27.34,5.52,21.36,78.116600,61.28,171.54,0.006053463200,70.49,51.31,105.57,330.06,86.93,72.79,286.93,240.25,494.29
-1,201604,201409,0,19,27.34,5.52,21.37,78.155200,62.58,172.53,0.006146627300,70.15,52.81,137.75,328.31,89.20,75.27,292.87,247.12,644.66
-1,201605,201409,0,20,27.34,5.52,21.44,78.430100,64.84,183.72,0.005980502200,73.73,56.55,127.73,343.82,87.94,76.70,302.37,263.71,595.68
-1,201606,201409,0,21,27.34,5.52,21.74,79.520500,64.67,182.30,0.006011798600,73.97,58.11,168.71,340.20,87.44,78.56,297.47,267.26,775.97
-1,201607,201409,0,22,27.34,5.52,21.57,78.878800,62.35,191.25,0.005524034700,69.77,57.79,127.63,323.50,89.36,82.83,289.09,267.96,591.78
-1,201608,201409,0,23,27.34,5.52,21.21,77.590700,59.46,174.95,0.005759460800,67.52,54.93,133.29,318.29,88.06,81.35,280.29,258.94,628.31
-1,201609,201409,0,24,27.34,5.52,21.35,78.092400,56.74,168.55,0.005704605600,69.17,53.17,167.83,323.98,82.03,76.86,265.75,249.02,786.05
-1,201610,201409,0,25,27.34,5.52,21.96,80.321300,61.88,197.33,0.005313499000,72.44,56.70,177.07,329.85,85.42,78.27,281.76,258.17,806.29
-1,201611,201409,0,26,27.34,5.52,22.04,80.605900,59.73,193.64,0.005226834600,69.14,52.79,278.52,313.74,86.38,76.35,271.02,239.54,1263.80
-1,201612,201409,0,27,27.34,5.52,22.24,81.324800,67.52,237.22,0.004823218500,67.98,55.77,240.83,305.73,99.32,82.04,303.67,250.83,1083.12
-1,201701,201409,0,28,27.34,5.52,21.74,79.510800,58.18,202.51,0.004868252000,62.20,49.74,134.95,286.13,93.53,79.97,267.62,228.81,620.77
-1,201702,201409,0,29,27.34,5.52,21.84,79.877500,57.81,194.83,0.005027638700,63.85,50.68,214.82,292.36,90.53,79.38,264.69,232.07,983.66
-1,201703,201409,0,30,27.34,5.52,22.09,80.784400,66.57,245.71,0.004591290100,73.99,58.35,261.42,334.99,89.98,78.86,301.41,264.18,1183.57
-1,201704,201409,0,31,27.34,5.52,21.90,80.113900,61.09,210.78,0.004910878000,67.77,53.35,195.11,309.40,90.14,78.72,278.88,243.55,890.75
-1,201705,201409,0,32,27.34,5.52,21.73,79.477000,66.59,235.78,0.004785870200,73.19,58.93,141.81,336.83,90.98,80.52,306.45,271.20,652.59
-1,201706,201409,0,33,27.34,5.52,21.69,79.322700,63.21,222.73,0.004808949400,69.22,57.85,159.71,319.15,91.32,83.57,291.45,266.72,736.40
-1,201707,201409,0,34,27.34,5.52,21.36,78.106900,60.55,220.90,0.004644587300,66.96,56.86,155.12,313.57,90.42,84.91,283.52,266.24,726.38
-1,201708,201409,0,35,27.34,5.52,21.12,77.248200,58.13,211.60,0.004655571500,64.14,53.41,116.37,303.70,90.63,83.27,275.25,252.89,551.00
0,201410,201410,1,0,375.13,80.11,375.13,100.000000,538.64,98.86,0.092330090200,589.30,577.69,1454.05,157.09,91.40,98.03,143.59,154.00,387.61
0,201411,201410,0,1,375.13,80.11,283.83,75.662700,482.74,100.00,0.081803203900,526.81,509.22,694.96,185.61,91.64,96.66,170.08,179.41,244.85
0,201412,201410,0,2,375.13,80.11,281.02,74.914100,540.41,124.57,0.073513657200,515.61,531.14,1023.05,183.48,104.81,103.01,192.30,189.00,364.05
0,201501,201410,0,3,375.13,80.11,261.53,69.718900,465.10,112.12,0.070296955000,471.04,475.26,663.61,180.11,98.74,100.90,177.84,181.72,253.74
0,201502,201410,0,4,375.13,80.11,257.32,68.594700,441.27,98.69,0.075768521900,443.61,440.71,515.12,172.40,99.47,99.35,171.49,171.27,200.19
0,201503,201410,0,5,375.13,80.11,253.09,67.468100,456.35,114.62,0.067465729900,475.09,455.67,547.98,187.71,96.06,95.91,180.31,180.04,216.52
0,201504,201410,0,6,375.13,80.11,238.37,63.543300,473.67,116.90,0.068663140700,471.57,443.86,513.78,197.83,100.44,94.12,198.71,186.21,215.54
0,201505,201410,0,7,375.13,80.11,240.73,64.172000,501.03,129.83,0.065392514000,513.50,467.40,607.09,213.31,97.57,91.02,208.13,194.16,252.19
0,201506,201410,0,8,375.13,80.11,240.68,64.159000,512.63,131.75,0.065932137900,530.27,493.66,829.51,220.32,96.67,93.10,212.99,205.11,344.66
0,201507,201410,0,9,375.13,80.11,240.41,64.088000,517.91,141.43,0.062055749400,529.27,506.84,763.67,220.15,97.85,95.76,215.43,210.82,317.65
0,201508,201410,0,10,375.13,80.11,237.27,63.250100,475.77,132.63,0.060788333800,511.55,473.12,607.88,215.60,93.01,92.49,200.52,199.40,256.20
0,201509,201410,0,11,375.13,80.11,243.55,64.925500,462.27,127.05,0.061654017700,500.05,429.31,526.71,205.32,92.44,85.85,189.80,176.27,216.26
0,201510,201410,0,12,375.13,80.11,242.10,64.538400,486.49,140.60,0.058631431500,507.64,433.66,624.46,209.68,95.83,85.43,200.95,179.12,257.94
0,201511,201410,0,13,375.13,80.11,235.30,62.725100,480.65,136.74,0.059564125400,488.32,412.94,605.25,207.53,98.43,84.56,204.27,175.50,257.22
0,201512,201410,0,14,375.13,80.11,238.93,63.693100,560.93,167.20,0.056847889600,484.94,442.88,654.00,202.96,115.67,91.33,234.77,185.36,273.72
0,201601,201410,0,15,375.13,80.11,238.84,63.668500,497.71,151.10,0.055815538900,482.76,414.82,663.48,202.13,103.10,85.93,208.39,173.68,277.80
0,201602,201410,0,16,375.13,80.11,240.93,64.225100,493.40,138.42,0.060404299800,486.39,402.19,887.82,201.88,101.44,82.69,204.79,166.94,368.50
0,201603,201410,0,17,375.13,80.11,245.03,65.320100,546.47,171.54,0.053981798100,539.05,444.87,782.08,219.99,101.38,82.53,223.02,181.56,319.17
0,201604,201410,0,18,375.13,80.11,244.10,65.071800,566.40,172.53,0.055630993200,543.16,462.72,1034.00,222.51,104.28,85.19,232.03,189.56,423.59
0,201605,201410,0,19,375.13,80.11,243.50,64.910100,578.62,183.72,0.053368856200,567.50,491.24,996.26,233.06,101.96,86.56,237.63,201.74,409.15
0,201606,201410,0,20,375.13,80.11,248.39,66.214900,584.83,182.30,0.054363240000,576.43,509.88,1223.59,232.06,101.46,88.46,235.45,205.27,492.61
0,201607,201410,0,21,375.13,80.11,248.76,66.314100,580.16,191.25,0.051404645900,565.98,528.28,1091.89,227.52,102.51,93.34,233.22,212.36,438.93
0,201608,201410,0,22,375.13,80.11,243.74,64.975100,528.59,174.95,0.051200119100,532.61,481.43,1053.06,218.52,99.25,90.39,216.87,197.52,432.04
0,201609,201410,0,23,375.13,80.11,246.17,65.624200,520.84,168.55,0.052363132100,550.63,475.94,1364.14,223.68,94.59,86.43,211.57,193.33,554.14
0,201610,201410,0,24,375.13,80.11,258.65,68.949500,573.41,197.33,0.049240628700,588.12,516.61,1536.50,227.38,97.50,87.84,221.69,199.73,594.05
0,201611,201410,0,25,375.13,80.11,262.61,70.006500,562.05,193.64,0.049185353800,570.18,487.45,2570.59,217.12,98.57,85.49,214.02,185.61,978.85
0,201612,201410,0,26,375.13,80.11,267.30,71.256200,648.81,237.22,0.046347129100,577.10,528.13,2155.37,215.90,112.43,91.52,242.73,197.58,806.34
0,201701,201410,0,27,375.13,80.11,258.01,68.779700,554.01,202.51,0.046358032900,518.77,462.06,1193.20,201.06,106.79,89.07,214.72,179.09,462.46
0,201702,201410,0,28,375.13,80.11,261.03,69.585300,557.12,194.83,0.048455356900,540.28,478.59,1928.93,206.98,103.12,88.58,213.43,183.35,738.96
0,201703,201410,0,29,375.13,80.11,267.52,71.315200,654.29,245.71,0.045123596400,630.47,553.91,2241.80,235.67,103.78,87.86,244.58,207.05,837.98
0,201704,201410,0,30,375.13,80.11,260.39,69.414700,579.86,210.78,0.046616869500,563.09,494.79,1699.05,216.25,102.98,87.87,222.69,190.01,652.49
0,201705,201410,0,31,375.13,80.11,257.82,68.729100,635.38,235.78,0.045664982600,614.71,548.42,1216.32,238.42,103.36,89.22,246.44,212.71,471.77
0,201706,201410,0,32,375.13,80.11,258.40,68.884100,613.33,222.73,0.046663150700,591.47,550.66,1333.19,228.89,103.70,93.10,237.35,213.10,515.93
0,201707,201410,0,33,375.13,80.11,253.29,67.521900,582.11,220.90,0.044654500500,571.50,538.21,1298.28,225.63,101.86,94.17,229.82,212.49,512.56
0,201708,201410,0,34,375.13,80.11,249.51,66.513100,556.76,211.60,0.044587247100,547.06,500.61,962.94,219.25,101.77,91.51,223.14,200.64,385.94
1,201411,201411,1,0,100.00,100.00,100.00,100.000000,100.00,100.00,0.016945475500,100.00,100.00,100.00,100.00,100.00,100.00,100.00,100.00,100.00
1,201412,201411,0,1,100.00,100.00,67.07,67.071600,94.39,124.57,0.012839445500,89.91,89.58,128.80,134.06,104.97,99.63,140.72,133.56,192.04
1,201501,201411,0,2,100.00,100.00,58.60,58.598100,78.22,112.12,0.011822430900,78.18,77.45,84.21,133.42,100.05,99.06,133.49,132.17,143.71
1,201502,201411,0,3,100.00,100.00,56.90,56.896600,75.41,98.69,0.012947902600,74.19,73.07,68.44,130.40,101.64,98.49,132.53,128.42,120.29
1,201503,201411,0,4,100.00,100.00,54.73,54.733400,74.70,114.62,0.011042924500,75.99,72.49,66.11,138.84,98.29,95.39,136.47,132.44,120.78
1,201504,201411,0,5,100.00,100.00,49.65,49.649800,75.23,116.90,0.010905202600,73.34,68.59,60.50,147.72,102.57,93.52,151.52,138.14,121.86
1,201505,201411,0,6,100.00,100.00,50.05,50.048100,79.83,129.83,0.010419390700,79.83,72.52,66.14,159.51,100.00,90.84,159.51,144.90,132.15
1,201506,201411,0,7,100.00,100.00,50.00,49.995400,82.61,131.75,0.010624503600,82.30,76.89,91.75,164.62,100.37,93.43,165.23,153.80,183.52
1,201507,201411,0,8,100.00,100.00,50.51,50.513800,85.72,141.43,0.010270733600,84.77,81.25,87.86,167.82,101.11,95.85,169.69,160.85,173.92
1,201508,201411,0,9,100.00,100.00,49.61,49.607600,78.03,132.63,0.009969638500,81.12,74.75,69.12,163.52,96.19,92.16,157.29,150.69,139.33
1,201509,201411,0,10,100.00,100.00,51.17,51.169300,75.74,127.05,0.010101383800,79.99,68.38,63.90,156.32,94.69,85.49,148.01,133.64,124.89
1,201510,201411,0,11,100.00,100.00,51.19,51.193100,80.36,140.60,0.009685387400,81.52,69.94,74.80,159.24,98.58,85.80,156.98,136.63,146.11
1,201511,201411,0,12,100.00,100.00,49.58,49.578600,80.47,136.74,0.009971893900,79.74,67.20,76.71,160.83,100.91,84.28,162.30,135.55,154.73
1,201512,201411,0,13,100.00,100.00,50.40,50.404300,94.03,167.20,0.009529461000,80.03,72.27,87.87,158.78,117.49,90.30,186.55,143.39,174.32
1,201601,201411,0,14,100.00,100.00,50.59,50.586300,84.89,151.10,0.009520453400,80.39,68.76,89.61,158.91,105.61,85.53,167.82,135.92,177.15
1,201602,201411,0,15,100.00,100.00,51.52,51.518900,86.09,138.42,0.010539708900,83.18,68.58,125.43,161.45,103.50,82.46,167.11,133.13,243.46
1,201603,201411,0,16,100.00,100.00,52.42,52.423700,94.01,171.54,0.009286217200,90.88,74.49,108.37,173.36,103.44,81.97,179.32,142.10,206.72
1,201604,201411,0,17,100.00,100.00,52.08,52.084700,97.25,172.53,0.009551810600,91.04,77.28,142.14,174.79,106.82,84.89,186.72,148.38,272.90
1,201605,201411,0,18,100.00,100.00,51.83,51.828800,99.12,183.72,0.009142015400,94.83,81.93,137.28,182.96,104.52,86.40,191.24,158.08,264.88
1,201606,201411,0,19,100.00,100.00,53.33,53.329900,100.96,182.30,0.009384514500,97.45,85.67,169.51,182.73,103.60,87.91,189.31,160.64,317.84
1,201607,201411,0,20,100.00,100.00,53.63,53.632000,101.29,191.25,0.008974512700,97.17,90.08,156.67,181.18,104.24,92.71,188.86,167.97,292.11
1,201608,201411,0,21,100.00,100.00,52.06,52.057000,90.84,174.95,0.008799367900,90.12,80.81,148.24,173.12,100.80,89.67,174.51,155.23,284.76
1,201609,201411,0,22,100.00,100.00,52.40,52.402600,89.91,168.55,0.009039400500,93.41,80.05,194.84,178.25,96.26,85.70,171.58,152.76,371.81
1,201610,201411,0,23,100.00,100.00,56.31,56.308300,100.97,197.33,0.008670225100,101.99,89.06,236.64,181.13,98.99,87.32,179.31,158.16,420.26
1,201611,201411,0,24,100.00,100.00,58.26,58.264400,102.39,193.64,0.008960095400,102.09,86.95,419.86,175.21,100.29,85.17,175.73,149.24,720.61
1,201612,201411,0,25,100.00,100.00,60.16,60.159900,119.71,237.22,0.008551263700,104.95,95.22,350.28,174.46,114.06,90.72,198.98,158.28,582.24
1,201701,201411,0,26,100.00,100.00,57.37,57.370100,101.64,202.51,0.008505110500,93.57,83.16,191.75,163.09,108.63,88.87,177.17,144.95,334.24
1,201702,201411,0,27,100.00,100.00,58.68,58.681200,103.39,194.83,0.008992412000,98.84,86.95,317.63,168.43,104.61,87.97,176.19,148.17,541.27
1,201703,201411,0,28,100.00,100.00,60.52,60.520000,121.51,245.71,0.008380311000,114.65,100.10,356.32,189.44,105.99,87.31,200.78,165.40,588.77
1,201704,201411,0,29,100.00,100.00,58.45,58.445100,106.71,210.78,0.008578735000,102.03,89.33,268.61,174.57,104.59,87.55,182.58,152.84,459.59
1,201705,201411,0,30,100.00,100.00,57.35,57.351600,115.24,235.78,0.008282161300,109.87,97.72,190.71,191.57,104.89,88.95,200.93,170.39,332.53
1,201706,201411,0,31,100.00,100.00,57.43,57.432100,112.30,222.73,0.008544120100,106.54,98.68,202.98,185.51,105.41,92.62,195.54,171.81,353.43
1,201707,201411,0,32,100.00,100.00,56.10,56.102500,106.92,220.90,0.008202101600,103.60,96.75,203.80,184.66,103.21,93.38,190.58,172.44,363.27
1,201708,201411,0,33,100.00,100.00,54.78,54.776900,101.19,211.60,0.008103935600,98.20,89.23,149.75,179.28,103.05,90.86,184.74,162.89,273.38
2,201412,201412,1,0,66.20,113.16,66.20,100.000000,69.42,124.57,0.009443814800,59.66,63.42,113.44,90.13,116.36,106.30,104.87,95.80,171.37
2,201501,201412,0,1,66.20,113.16,39.27,59.318200,51.18,112.12,0.007736175200,52.62,50.89,54.08,133.99,97.28,96.72,130.35,129.60,137.73
2,201502,201412,0,2,66.20,113.16,36.36,54.920600,46.56,98.69,0.007993942000,47.10,45.05,39.89,129.56,98.84,95.63,128.05,123.90,109.73
2,201503,201412,0,3,66.20,113.16,34.70,52.423900,45.98,114.62,0.006797533700,47.72,44.44,39.94,137.52,96.34,93.11,132.49,128.04,115.09
2,201504,201412,0,4,66.20,113.16,30.49,46.053800,45.37,116.90,0.006577600100,45.15,41.26,36.45,148.10,100.50,91.39,148.83,135.34,119.55
2,201505,201412,0,5,66.20,113.16,30.54,46.141400,46.08,129.83,0.006014781400,47.71,41.99,38.11,156.19,96.60,88.02,150.87,137.48,124.76
2,201506,201412,0,6,66.20,113.16,30.65,46.296800,48.42,131.75,0.006227746600,50.09,45.55,53.72,163.43,96.67,90.95,157.99,148.64,175.28
2,201507,201412,0,7,66.20,113.16,31.12,47.006200,50.23,141.43,0.006018007200,51.23,47.99,51.35,164.65,98.03,93.67,161.41,154.23,165.03
2,201508,201412,0,8,66.20,113.16,30.39,45.912300,45.78,132.63,0.005849390700,49.28,44.37,40.82,162.13,92.91,90.05,150.63,146.00,134.29
2,201509,201412,0,9,66.20,113.16,31.02,46.858700,44.41,127.05,0.005923334300,48.21,40.19,37.70,155.43,92.12,83.37,143.17,129.58,121.54
2,201510,201412,0,10,66.20,113.16,30.80,46.528000,46.65,140.60,0.005622393500,48.75,40.71,43.86,158.29,95.69,83.49,151.46,132.16,142.40
2,201511,201412,0,11,66.20,113.16,29.72,44.900100,46.54,136.74,0.005767192300,47.55,39.04,45.47,159.97,97.88,82.11,156.57,131.35,152.99
2,201512,201412,0,12,66.20,113.16,31.47,47.540200,57.60,167.20,0.005837254800,50.40,44.40,54.18,160.16,114.27,88.08,183.02,141.07,172.16
2,201601,201412,0,13,66.20,113.16,30.98,46.799000,49.75,151.10,0.005578774600,49.20,40.71,52.29,158.82,101.11,82.75,160.57,131.42,168.77
2,201602,201412,0,14,66.20,113.16,31.58,47.709600,50.00,138.42,0.006121689000,50.11,40.15,74.53,158.66,99.79,80.13,158.33,127.13,235.98
2,201603,201412,0,15,66.20,113.16,32.11,48.504600,55.04,171.54,0.005436739900,54.91,44.09,65.87,171.02,100.23,80.29,171.41,137.31,205.13
2,201604,201412,0,16,66.20,113.16,31.77,47.998500,56.81,172.53,0.005579997200,54.79,45.33,88.42,172.44,103.69,82.73,178.80,142.65,278.27
2,201605,201412,0,17,66.20,113.16,31.46,47.530200,56.97,183.72,0.005254489300,56.62,47.42,80.55,179.94,100.62,83.76,181.06,150.72,256.02
2,201606,201412,0,18,66.20,113.16,32.45,49.022700,58.30,182.30,0.005419343200,58.14,49.94,100.68,179.15,100.28,85.89,179.65,153.88,310.25
2,201607,201412,0,19,66.20,113.16,33.17,50.108600,59.46,191.25,0.005268742400,58.84,53.39,95.83,177.37,101.07,90.74,179.26,160.95,288.91
2,201608,201412,0,20,66.20,113.16,31.83,48.082200,53.19,174.95,0.005151874300,54.28,47.95,90.28,170.54,97.98,88.34,167.10,150.65,283.62
2,201609,201412,0,21,66.20,113.16,32.06,48.424900,52.72,168.55,0.005300581100,56.48,47.07,120.31,176.18,93.35,83.35,164.47,146.84,375.31
2,201610,201412,0,22,66.20,113.16,34.55,52.184800,59.68,197.33,0.005124964900,62.20,52.97,145.84,180.05,95.95,85.16,172.76,153.33,422.16
2,201611,201412,0,23,66.20,113.16,36.19,54.667500,60.48,193.64,0.005292248600,62.83,51.76,266.74,173.63,96.25,82.38,167.11,143.03,737.09
2,201612,201412,0,24,66.20,113.16,38.19,57.688200,73.52,237.22,0.005252063700,66.52,58.70,228.51,174.19,110.53,88.25,192.53,153.72,598.38
2,201701,201412,0,25,66.20,113.16,35.78,54.051800,60.50,202.51,0.005062617300,58.06,49.78,121.73,162.27,104.20,85.73,169.09,139.12,340.20
2,201702,201412,0,26,66.20,113.16,36.43,55.028200,61.76,194.83,0.005371883500,60.96,52.30,196.54,167.34,101.32,85.80,169.55,143.57,539.53
2,201703,201412,0,27,66.20,113.16,37.94,57.307700,72.64,245.71,0.005009394400,70.83,59.96,220.52,186.70,102.55,84.65,191.47,158.04,581.29
2,201704,201412,0,28,66.20,113.16,36.13,54.583900,62.41,210.78,0.005017452300,61.90,52.39,159.00,171.30,100.83,84.64,172.72,144.99,440.02
2,201705,201412,0,29,66.20,113.16,35.20,53.169100,67.63,235.78,0.004860850500,66.12,57.68,114.68,187.86,102.29,87.23,192.16,163.87,325.81
2,201706,201412,0,30,66.20,113.16,35.53,53.679200,66.19,222.73,0.005035746300,64.72,58.73,124.07,182.13,102.27,90.74,186.26,165.26,349.16
2,201707,201412,0,31,66.20,113.16,34.64,52.320300,62.92,220.90,0.004826604000,62.64,57.30,123.91,180.85,100.45,91.48,181.66,165.44,357.77
2,201708,201412,0,32,66.20,113.16,33.83,51.098900,60.08,211.60,0.004811399300,59.55,53.16,90.32,176.04,100.89,89.26,177.61,157.14,267.02
3,201501,201501,1,0,43.52,121.82,43.52,100.000000,42.67,112.12,0.006448617800,39.43,40.99,45.72,90.59,108.21,103.97,98.03,94.19,105.04
3,201502,201501,0,1,43.52,121.82,26.64,61.198300,32.89,98.69,0.005647212300,33.75,31.94,27.22,126.71,97.45,94.65,123.48,119.93,102.20
3,201503,201501,0,2,43.52,121.82,25.08,57.616100,32.53,114.62,0.004808767700,34.36,31.75,25.49,137.02,94.67,92.41,129.71,126.62,101.67
3,201504,201501,0,3,43.52,121.82,22.23,51.078900,30.28,116.90,0.004388914200,30.54,27.75,22.37,137.37,99.14,90.86,136.19,124.81,100.62
3,201505,201501,0,4,43.52,121.82,21.15,48.584700,30.67,129.83,0.004002930500,31.88,27.99,23.60,150.75,96.22,87.80,145.04,132.35,111.59
3,201506,201501,0,5,43.52,121.82,20.83,47.863400,31.03,131.75,0.003990558100,32.06,29.00,31.57,153.91,96.77,90.44,148.94,139.20,151.57
3,201507,201501,0,6,43.52,121.82,20.88,47.981600,31.95,141.43,0.003827672700,32.55,30.55,29.59,155.86,98.15,93.86,152.97,146.29,141.71
3,201508,201501,0,7,43.52,121.82,20.35,46.760200,29.18,132.63,0.003727758100,31.55,28.38,24.94,155.04,92.47,89.95,143.36,139.46,122.55
3,201509,201501,0,8,43.52,121.82,20.62,47.378500,28.37,127.05,0.003783623800,30.76,25.60,22.30,149.17,92.23,83.22,137.58,124.14,108.14
3,201510,201501,0,9,43.52,121.82,20.36,46.781400,29.42,140.60,0.003545980100,30.65,25.71,24.52,150.53,96.00,83.90,144.51,126.30,120.43
3,201511,201501,0,10,43.52,121.82,19.50,44.811500,29.00,136.74,0.003594076400,29.85,24.64,25.63,153.06,97.15,82.53,148.70,126.32,131.40
3,201512,201501,0,11,43.52,121.82,20.31,46.654100,35.09,167.20,0.003556311400,30.73,27.10,30.91,151.34,114.19,88.20,172.82,133.48,152.22
3,201601,201501,0,12,43.52,121.82,20.32,46.678400,31.66,151.10,0.003550350200,30.95,25.93,31.79,152.36,102.28,83.78,155.83,127.64,156.50
3,201602,201501,0,13,43.52,121.82,20.38,46.820800,31.86,138.42,0.003900721400,31.39,25.46,44.23,154.04,101.51,81.12,156.36,124.95,217.03
3,201603,201501,0,14,43.52,121.82,20.85,47.905800,34.63,171.54,0.003420446600,34.42,27.73,39.00,165.10,100.59,80.55,166.07,132.99,187.03
3,201604,201501,0,15,43.52,121.82,20.52,47.145100,35.63,172.53,0.003499983600,34.10,28.45,50.75,166.19,104.50,83.43,173.67,138.65,247.32
3,201605,201501,0,16,43.52,121.82,20.38,46.826900,35.79,183.72,0.003301166200,35.38,29.67,47.82,173.59,101.17,83.88,175.61,145.60,234.64
3,201606,201501,0,17,43.52,121.82,20.99,48.224000,36.23,182.30,0.003367533100,36.26,30.92,58.91,172.78,99.90,85.25,172.61,147.30,280.66
3,201607,201501,0,18,43.52,121.82,21.26,48.848300,37.37,191.25,0.003310761500,37.00,33.43,55.47,174.04,100.98,90.34,175.76,157.23,260.93
3,201608,201501,0,19,43.52,121.82,20.38,46.814800,32.91,174.95,0.003187288700,33.61,29.33,52.76,164.94,97.91,87.28,161.50,143.97,258.97
3,201609,201501,0,20,43.52,121.82,20.20,46.402600,31.97,168.55,0.003213949700,34.39,28.46,67.62,170.30,92.95,82.75,158.29,140.92,334.83
3,201610,201501,0,21,43.52,121.82,21.77,50.012100,36.41,197.33,0.003126305400,38.02,32.34,83.76,174.68,95.75,85.06,167.26,148.59,384.80
3,201611,201501,0,22,43.52,121.82,22.64,52.021500,36.75,193.64,0.003216142400,37.99,31.46,143.08,167.80,96.74,82.81,162.32,138.96,631.97
3,201612,201501,0,23,43.52,121.82,23.74,54.552100,43.70,237.22,0.003121479200,39.74,34.88,125.95,167.39,109.95,87.77,184.05,146.91,530.50
3,201701,201501,0,24,43.52,121.82,22.68,52.106300,38.02,202.51,0.003181141100,36.08,31.15,72.00,159.08,105.38,86.33,167.64,137.34,317.47
3,201702,201501,0,25,43.52,121.82,23.18,53.267100,38.33,194.83,0.003334058000,37.63,32.42,112.81,162.31,101.87,86.15,165.35,139.83,486.60
3,201703,201501,0,26,43.52,121.82,23.90,54.915700,44.26,245.71,0.003052079100,43.31,36.59,125.42,181.20,102.18,84.48,185.16,153.07,524.77
3,201704,201501,0,27,43.52,121.82,22.73,52.230600,38.72,210.78,0.003112494700,38.29,32.66,93.93,168.44,101.11,85.29,170.31,143.66,413.22
3,201705,201501,0,28,43.52,121.82,22.20,51.003200,40.95,235.78,0.002943052500,40.65,34.83,64.77,183.14,100.73,85.67,184.47,156.89,291.78
3,201706,201501,0,29,43.52,121.82,22.30,51.227400,40.53,222.73,0.003083445300,39.63,35.67,70.84,177.74,102.27,90.01,181.78,159.98,317.73
3,201707,201501,0,30,43.52,121.82,21.89,50.300000,39.17,220.90,0.003004825200,38.71,35.45,72.40,176.81,101.20,91.58,178.93,161.93,330.72
3,201708,201501,0,31,43.52,121.82,21.31,48.966500,36.47,211.60,0.002920236200,36.30,32.12,52.47,170.34,100.45,88.49,171.10,150.73,246.20
4,201502,201502,1,0,33.93,128.56,33.93,100.000000,31.07,98.69,0.005335530500,29.54,29.72,30.19,87.08,105.18,100.61,91.59,87.62,88.99
4,201503,201502,0,1,33.93,128.56,19.79,58.320400,24.58,114.62,0.003634276700,26.73,24.03,18.39,135.09,91.97,89.91,124.25,121.46,92.93
4,201504,201502,0,2,33.93,128.56,18.36,54.113500,24.02,116.90,0.003481642500,24.37,22.02,16.70,132.72,98.57,90.37,130.83,119.93,90.94
4,201505,201502,0,3,33.93,128.56,17.06,50.279900,23.74,129.83,0.003099067400,24.75,21.45,17.93,145.12,95.92,86.65,139.20,125.75,105.14
4,201506,201502,0,4,33.93,128.56,16.67,49.133000,23.64,131.75,0.003039949700,24.87,22.27,23.79,149.23,95.02,89.55,141.80,133.63,142.70
4,201507,201502,0,5,33.93,128.56,16.28,47.978200,23.80,141.43,0.002852274200,24.60,22.69,21.61,151.15,96.76,92.24,146.25,139.42,132.75
4,201508,201502,0,6,33.93,128.56,15.63,46.069200,21.81,132.63,0.002786807400,23.82,21.17,17.84,152.43,91.55,88.86,139.56,135.45,114.17
4,201509,201502,0,7,33.93,128.56,16.00,47.161700,21.03,127.05,0.002804856700,23.17,19.21,16.73,144.80,90.77,82.92,131.44,120.06,104.55
4,201510,201502,0,8,33.93,128.56,15.82,46.636900,22.24,140.60,0.002680121800,23.72,19.56,18.56,149.90,93.76,82.46,140.55,123.62,117.32
4,201511,201502,0,9,33.93,128.56,15.01,44.253500,22.09,136.74,0.002737802600,22.90,18.68,19.90,152.51,96.49,81.60,147.15,124.44,132.56
4,201512,201502,0,10,33.93,128.56,15.29,45.077800,25.74,167.20,0.002608420400,22.70,19.97,23.14,148.46,113.37,87.98,168.30,130.61,151.29
4,201601,201502,0,11,33.93,128.56,15.37,45.307200,23.47,151.10,0.002632544900,23.11,19.17,23.36,150.34,101.59,82.97,152.72,124.73,151.98
4,201602,201502,0,12,33.93,128.56,15.60,45.983700,23.89,138.42,0.002924571800,23.82,19.12,32.97,152.67,100.30,80.28,153.13,122.56,211.36
4,201603,201502,0,13,33.93,128.56,15.90,46.874000,26.24,171.54,0.002592199700,26.16,20.94,29.45,164.50,100.31,80.03,165.02,131.66,185.22
4,201604,201502,0,14,33.93,128.56,15.65,46.135300,26.44,172.53,0.002596857100,26.04,21.25,36.77,166.38,101.53,81.59,168.92,135.75,234.90
4,201605,201502,0,15,33.93,128.56,15.51,45.723200,27.04,183.72,0.002493894400,27.27,22.53,35.74,175.78,99.16,82.64,174.31,145.27,230.39
4,201606,201502,0,16,33.93,128.56,16.00,47.150100,26.87,182.30,0.002497955100,27.47,23.02,44.55,171.73,97.83,83.80,168.00,143.90,278.52
4,201607,201502,0,17,33.93,128.56,16.01,47.181200,27.06,191.25,0.002397954900,27.18,24.26,39.85,169.82,99.56,89.24,169.08,151.56,248.97
4,201608,201502,0,18,33.93,128.56,15.46,45.556000,24.02,174.95,0.002326520500,24.94,21.44,37.33,161.39,96.29,85.97,155.41,138.76,241.56
4,201609,201502,0,19,33.93,128.56,15.24,44.926100,23.52,168.55,0.002364668800,25.62,21.14,49.59,168.12,91.79,82.49,154.32,138.67,325.39
4,201610,201502,0,20,33.93,128.56,16.65,49.086300,27.05,197.33,0.002322480300,28.53,24.21,61.65,171.29,94.81,84.89,162.41,145.41,370.23
4,201611,201502,0,21,33.93,128.56,17.22,50.750400,27.22,193.64,0.002381612600,28.52,23.11,106.28,165.67,95.41,81.03,158.07,134.23,617.28
4,201612,201502,0,22,33.93,128.56,17.76,52.356100,31.70,237.22,0.002264346200,29.37,25.38,89.34,165.36,107.92,86.42,178.46,142.90,502.99
4,201701,201502,0,23,33.93,128.56,16.89,49.797800,27.01,202.51,0.002259911700,26.44,22.24,51.46,156.52,102.13,84.10,159.86,131.64,304.60
4,201702,201502,0,24,33.93,128.56,17.40,51.275300,28.08,194.83,0.002441920100,27.87,23.81,83.11,160.22,100.74,85.44,161.40,136.90,477.80
4,201703,201502,0,25,33.93,128.56,18.05,53.192100,32.75,245.71,0.002258659300,32.47,27.25,92.74,179.90,100.88,83.92,181.49,150.98,513.89
4,201704,201502,0,26,33.93,128.56,17.31,51.010900,28.90,210.78,0.002323689900,29.16,24.24,70.86,168.50,99.12,83.14,167.02,140.09,409.47
4,201705,201502,0,27,33.93,128.56,16.88,49.747300,30.99,235.78,0.002227563600,30.81,26.35,49.49,182.56,100.59,85.52,183.65,156.13,293.24
4,201706,201502,0,28,33.93,128.56,16.96,49.996100,30.08,222.73,0.002288622800,29.73,26.49,52.08,175.25,101.20,89.12,177.35,156.18,307.03
4,201707,201502,0,29,33.93,128.56,16.53,48.713100,28.39,220.90,0.002178125900,28.87,25.89,52.00,174.70,98.34,89.69,171.81,156.69,314.63
4,201708,201502,0,30,33.93,128.56,16.03,47.247300,26.77,211.60,0.002144042500,27.32,23.67,38.07,170.47,97.98,86.64,167.03,147.69,237.52
5,201503,201503,1,0,23.80,133.30,23.80,100.000000,21.29,114.62,0.003147556600,20.75,20.33,16.50,87.21,102.58,97.94,89.47,85.42,69.35
5,201504,201503,0,1,23.80,133.30,14.20,59.686300,18.40,116.90,0.002666712600,19.45,17.04,12.82,136.93,94.58,87.59,129.52,119.95,90.29
5,201505,201503,0,2,23.80,133.30,12.97,54.509200,17.49,129.83,0.002282942700,18.77,16.13,13.99,144.71,93.18,85.92,134.85,124.34,107.84
5,201506,201503,0,3,23.80,133.30,12.23,51.383000,16.98,131.75,0.002184362200,18.16,15.94,17.70,148.53,93.52,87.77,138.90,130.36,144.73
5,201507,201503,0,4,23.80,133.30,11.99,50.379700,17.25,141.43,0.002066271700,17.80,16.43,16.68,148.49,96.87,92.28,143.84,137.02,139.15
5,201508,201503,0,5,23.80,133.30,11.40,47.924200,15.50,132.63,0.001980370900,17.11,15.03,13.19,150.07,90.56,87.82,135.91,131.80,115.65
5,201509,201503,0,6,23.80,133.30,11.55,48.522800,15.07,127.05,0.002009552200,16.80,13.67,12.28,145.51,89.68,81.37,130.49,118.40,106.32
5,201510,201503,0,7,23.80,133.30,11.27,47.369900,15.67,140.60,0.001889029100,16.76,13.71,13.76,148.68,93.52,81.81,139.05,121.63,122.09
5,201511,201503,0,8,23.80,133.30,10.78,45.307900,15.65,136.74,0.001939072600,16.28,13.15,14.58,151.00,96.11,80.77,145.13,121.96,135.24
5,201512,201503,0,9,23.80,133.30,10.80,45.380000,17.54,167.20,0.001777953500,15.65,13.55,16.48,144.93,112.10,86.57,162.46,125.46,152.60
5,201601,201503,0,10,23.80,133.30,11.01,46.250200,16.03,151.10,0.001798099900,16.03,13.07,16.40,145.67,100.01,81.53,145.68,118.76,148.98
5,201602,201503,0,11,23.80,133.30,11.05,46.438700,16.47,138.42,0.002016394500,16.70,13.13,22.65,151.16,98.60,78.58,149.04,118.78,204.95
5,201603,201503,0,12,23.80,133.30,11.27,47.364300,18.03,171.54,0.001781249400,18.53,14.43,21.44,164.39,97.32,77.91,159.98,128.07,190.24
5,201604,201503,0,13,23.80,133.30,11.10,46.627100,17.96,172.53,0.001763540900,17.94,14.53,26.11,161.66,100.10,80.98,161.82,130.91,235.34
5,201605,201503,0,14,23.80,133.30,11.02,46.327800,18.60,183.72,0.001715509500,19.00,15.53,25.79,172.30,97.91,81.76,168.71,140.87,233.92
5,201606,201503,0,15,23.80,133.30,11.23,47.203600,18.57,182.30,0.001726164100,19.14,15.92,31.25,170.36,97.04,83.18,165.32,141.71,278.17
5,201607,201503,0,16,23.80,133.30,11.40,47.924200,19.08,191.25,0.001690567700,19.18,17.02,28.88,168.20,99.47,88.75,167.31,149.28,253.21
5,201608,201503,0,17,23.80,133.30,10.97,46.106100,17.07,174.95,0.001653444000,17.83,15.24,27.93,162.51,95.74,85.46,155.58,138.88,254.59
5,201609,201503,0,18,23.80,133.30,10.95,46.017400,16.75,168.55,0.001684444000,18.48,15.10,35.62,168.80,90.64,81.69,153.00,137.89,325.26
5,201610,201503,0,19,23.80,133.30,11.80,49.592600,18.94,197.33,0.001626355800,20.25,16.91,45.31,171.56,93.54,83.51,160.48,143.26,383.94
5,201611,201503,0,20,23.80,133.30,12.02,50.523800,18.98,193.64,0.001660711000,19.84,16.33,76.17,164.98,95.67,82.31,157.84,135.80,633.50
5,201612,201503,0,21,23.80,133.30,12.52,52.602400,22.12,237.22,0.001580355500,20.23,17.87,64.49,161.61,109.36,88.34,176.74,142.76,515.22
5,201701,201503,0,22,23.80,133.30,11.75,49.370900,18.74,202.51,0.001568024300,17.98,15.58,35.19,153.01,104.24,86.69,159.50,132.64,299.53
5,201702,201503,0,23,23.80,133.30,12.11,50.878600,19.39,194.83,0.001686120100,19.21,16.55,57.80,158.66,100.92,86.16,160.12,136.70,477.37
5,201703,201503,0,24,23.80,133.30,12.68,53.267600,22.78,245.71,0.001571253300,22.63,19.03,65.84,178.50,100.69,84.10,179.74,150.12,519.38
5,201704,201503,0,25,23.80,133.30,12.09,50.801000,19.73,210.78,0.001586271100,19.95,16.82,48.69,165.00,98.92,84.30,163.22,139.10,402.76
5,201705,201503,0,26,23.80,133.30,11.86,49.853100,21.38,235.78,0.001536792900,21.26,18.38,34.57,179.25,100.56,86.45,180.24,154.97,291.38
5,201706,201503,0,27,23.80,133.30,11.71,49.204600,20.58,222.73,0.001565985900,20.46,18.34,35.62,174.76,100.59,89.62,175.79,156.62,304.25
5,201707,201503,0,28,23.80,133.30,11.60,48.727900,19.96,220.90,0.001531114800,19.94,18.21,36.59,171.92,100.12,91.35,172.13,157.04,315.51
5,201708,201503,0,29,23.80,133.30,11.38,47.841000,18.70,211.60,0.001497662400,18.96,16.63,26.22,166.52,98.65,87.74,164.27,146.10,230.33
6,201504,201504,1,0,25.32,138.33,25.32,100.000000,24.79,116.90,0.003594302800,23.80,22.29,19.48,93.99,104.17,93.64,97.91,88.02,76.92
6,201505,201504,0,1,25.32,138.33,15.47,61.076100,21.51,129.83,0.002807876600,23.66,19.72,15.68,152.98,90.92,83.35,139.09,127.51,101.35
6,201506,201504,0,2,25.32,138.33,14.21,56.117500,20.39,131.75,0.002622016000,22.06,19.02,20.55,155.24,92.40,86.19,143.45,133.81,144.63
6,201507,201504,0,3,25.32,138.33,13.72,54.164300,20.25,141.43,0.002426526300,21.43,19.05,18.26,156.22,94.51,88.91,147.64,138.90,133.13
6,201508,201504,0,4,25.32,138.33,13.00,51.341200,17.95,132.63,0.002292975600,19.92,17.18,14.34,153.23,90.08,86.24,138.03,132.15,110.32
6,201509,201504,0,5,25.32,138.33,12.86,50.773500,17.10,127.05,0.002280633800,19.38,15.47,13.58,150.73,88.23,79.82,132.99,120.31,105.58
6,201510,201504,0,6,25.32,138.33,12.42,49.033800,17.71,140.60,0.002133827400,19.23,15.43,15.06,154.83,92.09,80.25,142.59,124.25,121.29
6,201511,201504,0,7,25.32,138.33,11.71,46.252400,17.26,136.74,0.002138515400,18.11,14.47,15.17,154.61,95.29,79.91,147.33,123.54,129.54
6,201512,201504,0,8,25.32,138.33,11.74,46.367000,19.76,167.20,0.002002538500,17.66,15.24,17.59,150.39,111.89,86.29,168.28,129.77,149.83
6,201601,201504,0,9,25.32,138.33,11.79,46.544100,17.70,151.10,0.001985280400,17.85,14.48,17.22,151.42,99.19,81.11,150.19,122.82,146.10
6,201602,201504,0,10,25.32,138.33,11.74,46.346200,17.61,138.42,0.002156207300,18.07,14.10,24.33,153.94,97.48,78.03,150.06,120.12,207.26
6,201603,201504,0,11,25.32,138.33,12.04,47.528500,19.48,171.54,0.001923833900,20.00,15.65,21.82,166.15,97.39,78.25,161.81,130.00,181.27
6,201604,201504,0,12,25.32,138.33,12.05,47.570200,20.25,172.53,0.001988660500,20.20,16.22,28.69,167.69,100.23,80.32,168.07,134.68,238.17
6,201605,201504,0,13,25.32,138.33,11.98,47.315000,20.43,183.72,0.001884162200,21.18,16.96,26.93,176.78,96.44,80.08,170.49,141.57,224.72
6,201606,201504,0,14,25.32,138.33,12.26,48.429600,20.80,182.30,0.001933750900,21.49,17.65,33.21,175.21,96.81,82.12,169.62,143.89,270.81
6,201607,201504,0,15,25.32,138.33,12.21,48.210800,20.45,191.25,0.001812294100,21.23,18.23,30.08,173.93,96.32,85.87,167.53,149.35,246.34
6,201608,201504,0,16,25.32,138.33,11.84,46.762900,18.73,174.95,0.001814243800,19.82,16.70,29.98,167.37,94.50,84.27,158.16,141.05,253.17
6,201609,201504,0,17,25.32,138.33,11.71,46.257600,18.49,168.55,0.001858857600,20.49,16.42,38.15,174.92,90.23,80.14,157.83,140.18,325.69
6,201610,201504,0,18,25.32,138.33,12.55,49.539000,20.57,197.33,0.001766822700,22.05,18.12,47.42,175.76,93.31,82.19,164.00,144.46,377.99
6,201611,201504,0,19,25.32,138.33,12.84,50.695300,20.28,193.64,0.001775113000,21.35,17.26,78.52,166.34,94.99,80.82,158.00,134.44,611.59
6,201612,201504,0,20,25.32,138.33,13.28,52.440200,23.83,237.22,0.001702182100,22.04,18.86,67.15,165.97,108.11,85.56,179.43,142.01,505.63
6,201701,201504,0,21,25.32,138.33,12.56,49.580700,20.03,202.51,0.001675738900,19.84,16.49,37.23,158.00,100.95,83.12,159.50,131.32,296.50
6,201702,201504,0,22,25.32,138.33,12.96,51.174500,20.90,194.83,0.001817611800,21.03,17.63,61.42,162.24,99.39,83.86,161.26,136.06,473.91
6,201703,201504,0,23,25.32,138.33,13.52,53.393400,24.61,245.71,0.001696949500,24.69,20.31,70.39,182.59,99.66,82.25,181.98,150.18,520.55
6,201704,201504,0,24,25.32,138.33,12.96,51.190200,21.50,210.78,0.001728195500,21.84,17.97,52.06,168.46,98.44,82.27,165.83,138.59,401.63
6,201705,201504,0,25,25.32,138.33,12.60,49.773400,23.24,235.78,0.001670161600,23.47,19.69,37.57,186.23,99.00,83.90,184.37,156.23,298.05
6,201706,201504,0,26,25.32,138.33,12.72,50.242200,22.74,222.73,0.001730160600,22.64,20.00,39.98,177.95,100.44,88.35,178.73,157.22,314.26
6,201707,201504,0,27,25.32,138.33,12.32,48.653600,21.48,220.90,0.001647383000,21.96,19.39,39.63,178.25,97.78,88.29,174.30,157.37,321.60
6,201708,201504,0,28,25.32,138.33,12.10,47.788900,20.36,211.60,0.001630778800,20.88,17.99,29.19,172.57,97.50,86.15,168.26,148.68,241.21
7,201505,201505,1,0,23.33,142.97,23.33,100.000000,22.96,129.83,0.002996212700,23.62,20.69,28.80,101.26,97.19,87.61,98.42,88.72,123.49
7,201506,201505,0,1,23.33,142.97,15.04,64.487700,21.78,131.75,0.002801483200,25.05,20.50,24.33,166.54,86.95,81.85,144.80,136.32,161.76
7,201507,201505,0,2,23.33,142.97,13.83,59.296500,20.92,141.43,0.002506088700,22.86,19.73,19.98,165.29,91.49,86.31,151.22,142.66,144.46
7,201508,201505,0,3,23.33,142.97,12.97,55.620900,18.33,132.63,0.002342494500,21.10,17.67,15.64,162.65,86.88,83.75,141.31,136.22,120.53
7,201509,201505,0,4,23.33,142.97,12.85,55.089300,17.29,127.05,0.002306669700,20.10,15.77,13.00,156.39,86.06,78.49,134.59,122.74,101.19
7,201510,201505,0,5,23.33,142.97,12.26,52.561600,17.74,140.60,0.002137622900,19.54,15.60,14.81,159.36,90.78,79.87,144.67,127.27,120.76
7,201511,201505,0,6,23.33,142.97,11.47,49.163100,16.98,136.74,0.002104082000,18.01,14.31,15.58,157.07,94.26,79.46,148.06,124.81,135.88
7,201512,201505,0,7,23.33,142.97,11.35,48.637200,18.57,167.20,0.001882268400,17.10,14.43,16.61,150.77,108.58,84.35,163.71,127.18,146.39
7,201601,201505,0,8,23.33,142.97,11.29,48.382700,17.44,151.10,0.001956208900,17.46,14.23,17.05,154.68,99.92,81.51,154.56,126.08,151.07
7,201602,201505,0,9,23.33,142.97,11.13,47.726800,16.94,138.42,0.002073639900,17.46,13.67,21.41,156.82,97.02,78.29,152.15,122.77,192.29
7,201603,201505,0,10,23.33,142.97,11.46,49.129200,18.64,171.54,0.001841476200,19.36,14.87,20.07,168.94,96.29,76.80,162.67,129.75,175.17
7,201604,201505,0,11,23.33,142.97,11.23,48.150900,19.34,172.53,0.001899499800,19.39,15.40,25.59,172.61,99.76,79.45,172.19,137.13,227.86
7,201605,201505,0,12,23.33,142.97,11.40,48.874700,19.95,183.72,0.001839832400,20.63,16.53,26.74,180.97,96.68,80.11,174.97,144.97,234.54
7,201606,201505,0,13,23.33,142.97,11.62,49.802100,19.51,182.30,0.001813542000,20.74,16.67,31.94,178.50,94.09,80.41,167.95,143.53,274.91
7,201607,201505,0,14,23.33,142.97,11.46,49.129200,19.31,191.25,0.001710830700,20.27,17.16,27.45,176.92,95.24,84.62,168.49,149.71,239.54
7,201608,201505,0,15,23.33,142.97,11.01,47.183900,17.06,174.95,0.001652806700,18.50,15.22,26.47,168.11,92.23,82.25,155.04,138.27,240.50
7,201609,201505,0,16,23.33,142.97,10.87,46.612800,16.96,168.55,0.001704888000,19.24,15.22,34.71,176.93,88.15,79.14,155.97,140.02,319.21
7,201610,201505,0,17,23.33,142.97,11.66,50.000000,18.96,197.33,0.001628117000,20.59,16.87,42.05,176.51,92.10,81.93,162.56,144.62,360.52
7,201611,201505,0,18,23.33,142.97,11.93,51.142300,19.31,193.64,0.001690192400,20.35,16.40,71.52,170.57,94.92,80.60,161.90,137.48,599.50
7,201612,201505,0,19,23.33,142.97,12.14,52.035700,21.64,237.22,0.001545971100,20.28,17.22,59.13,167.05,106.74,84.93,178.30,141.87,487.13
7,201701,201505,0,20,23.33,142.97,11.51,49.349700,18.38,202.51,0.001537797200,18.10,15.10,32.54,157.27,101.51,83.43,159.65,131.21,282.70
7,201702,201505,0,21,23.33,142.97,11.83,50.695500,19.08,194.83,0.001659724000,19.34,16.10,53.26,163.55,98.67,83.27,161.38,136.19,450.39
7,201703,201505,0,22,23.33,142.97,12.35,52.940500,22.19,245.71,0.001530027100,22.52,18.35,60.58,182.35,98.52,81.51,179.66,148.63,490.57
7,201704,201505,0,23,23.33,142.97,11.82,50.678600,19.80,210.78,0.001591456500,20.33,16.52,47.22,172.00,97.36,81.27,167.46,139.78,399.46
7,201705,201505,0,24,23.33,142.97,11.90,50.995200,21.74,235.78,0.001562394400,22.12,18.45,34.30,185.94,98.29,83.42,182.76,155.11,288.32
7,201706,201505,0,25,23.33,142.97,11.75,50.356300,20.59,222.73,0.001566513800,21.09,18.14,34.74,179.54,97.63,86.01,175.29,154.42,295.80
7,201707,201505,0,26,23.33,142.97,11.39,48.812500,19.70,220.90,0.001511489100,20.28,17.91,35.79,178.14,97.15,88.29,173.05,157.28,314.36
7,201708,201505,0,27,23.33,142.97,11.11,47.630600,18.75,211.60,0.001501782400,19.38,16.54,26.03,174.45,96.75,85.35,168.79,148.90,234.27
8,201506,201506,1,0,23.11,147.57,23.11,100.000000,24.35,131.75,0.003132384600,25.65,22.48,29.90,111.00,94.96,87.66,105.41,97.30,129.40
8,201507,201506,0,1,23.11,147.57,14.82,64.126300,22.35,141.43,0.002677652800,25.47,21.41,21.99,171.93,87.73,84.05,150.83,144.51,148.42
8,201508,201506,0,2,23.11,147.57,13.41,58.023600,18.78,132.63,0.002399678000,22.37,18.30,16.61,166.86,83.96,81.79,140.09,136.49,123.87
8,201509,201506,0,3,23.11,147.57,12.82,55.477500,16.69,127.05,0.002226412900,20.03,15.26,13.78,156.26,83.34,76.19,130.23,119.07,107.53
8,201510,201506,0,4,23.11,147.57,11.91,51.544200,16.89,140.60,0.002035454400,19.06,14.85,14.40,160.02,88.62,77.90,141.81,124.66,120.90
8,201511,201506,0,5,23.11,147.57,10.95,47.388300,16.09,136.74,0.001994443900,17.61,13.68,14.03,160.86,91.38,77.68,146.99,124.96,128.18
8,201512,201506,0,6,23.11,147.57,11.06,47.867800,18.20,167.20,0.001844075300,16.98,14.15,16.49,153.51,107.17,83.32,164.52,127.90,149.07
8,201601,201506,0,7,23.11,147.57,10.68,46.200800,16.16,151.10,0.001812061300,16.82,13.23,15.72,157.58,96.06,78.63,151.37,123.90,147.23
8,201602,201506,0,8,23.11,147.57,10.85,46.948700,16.24,138.42,0.001988250300,17.11,13.08,21.83,157.72,94.92,76.47,149.72,120.61,201.23
8,201603,201506,0,9,23.11,147.57,11.01,47.662300,17.94,171.54,0.001771664100,19.01,14.39,19.97,172.61,94.35,75.72,162.86,130.70,181.36
8,201604,201506,0,10,23.11,147.57,10.81,46.794500,18.00,172.53,0.001767945300,18.76,14.44,26.26,173.48,95.96,76.97,166.48,133.53,242.85
8,201605,201506,0,11,23.11,147.57,10.82,46.823100,18.77,183.72,0.001730939000,19.91,15.67,24.74,184.04,94.25,78.68,173.46,144.81,228.65
8,201606,201506,0,12,23.11,147.57,11.39,49.283600,19.56,182.30,0.001818422300,20.91,16.89,32.40,183.63,93.55,80.79,171.79,148.36,284.50
8,201607,201506,0,13,23.11,147.57,11.26,48.746900,19.53,191.25,0.001730519300,20.75,17.57,28.98,184.24,94.12,84.67,173.40,155.99,257.29
8,201608,201506,0,14,23.11,147.57,10.94,47.331200,17.30,174.95,0.001676171800,18.81,15.57,27.33,172.04,91.98,82.76,158.24,142.38,249.88
8,201609,201506,0,15,23.11,147.57,10.80,46.726000,16.79,168.55,0.001687545400,19.17,15.12,35.44,177.56,87.56,78.85,155.47,140.01,328.22
8,201610,201506,0,16,23.11,147.57,11.23,48.609900,18.24,197.33,0.001566180200,20.05,16.23,41.69,178.47,90.99,80.99,162.38,144.54,371.15
8,201611,201506,0,17,23.11,147.57,11.49,49.746000,18.19,193.64,0.001592127900,19.61,15.59,69.92,170.65,92.76,79.47,158.29,135.62,608.29
8,201612,201506,0,18,23.11,147.57,11.83,51.184600,20.96,237.22,0.001497292500,19.96,16.84,61.11,168.79,105.00,84.38,177.23,142.41,516.72
8,201701,201506,0,19,23.11,147.57,11.06,47.862100,17.75,202.51,0.001485520200,17.47,14.66,32.48,157.97,101.62,83.90,160.53,132.53,293.70
8,201702,201506,0,20,23.11,147.57,11.38,49.260700,18.11,194.83,0.001574913500,18.56,15.41,52.03,163.05,97.57,83.04,159.09,135.39,457.08
8,201703,201506,0,21,23.11,147.57,11.90,51.487100,21.34,245.71,0.001471597400,21.71,17.70,59.96,182.48,98.30,81.53,179.37,148.78,504.02
8,201704,201506,0,22,23.11,147.57,11.45,49.563300,19.21,210.78,0.001544094900,19.81,16.28,46.55,172.94,96.98,82.21,167.72,142.18,406.48
8,201705,201506,0,23,23.11,147.57,11.32,48.975300,20.45,235.78,0.001469740000,21.16,17.51,32.33,187.00,96.64,82.73,180.72,154.71,285.69
8,201706,201506,0,24,23.11,147.57,11.39,49.283600,20.18,222.73,0.001535635500,20.78,18.05,34.95,182.49,97.13,86.84,177.25,158.47,306.91
8,201707,201506,0,25,23.11,147.57,11.04,47.799300,19.37,220.90,0.001486143400,20.29,17.73,36.01,183.70,95.49,87.39,175.41,160.53,326.01
8,201708,201506,0,26,23.11,147.57,10.91,47.228400,18.76,211.60,0.001502301400,19.40,16.67,25.69,177.80,96.69,85.94,171.91,152.80,235.40
9,201507,201507,1,0,23.65,152.27,23.65,100.000000,25.34,141.43,0.003036440300,25.70,23.52,21.79,108.66,98.60,91.52,107.14,99.45,92.14
9,201508,201507,0,1,23.65,152.27,15.02,63.517700,21.56,132.63,0.002754563400,25.70,21.04,17.77,171.07,83.88,81.87,143.50,140.06,118.26
9,201509,201507,0,2,23.65,152.27,13.46,56.909400,18.06,127.05,0.002408760700,21.42,16.61,13.92,159.16,84.30,77.53,134.17,123.40,103.38
9,201510,201507,0,3,23.65,152.27,12.48,52.754900,17.53,140.60,0.002113025000,20.00,15.41,13.55,160.30,87.65,77.05,140.51,123.52,108.58
9,201511,201507,0,4,23.65,152.27,11.40,48.176400,16.81,136.74,0.002083334400,18.29,14.28,13.82,160.54,91.90,78.07,147.53,125.33,121.25
9,201512,201507,0,5,23.65,152.27,11.26,47.596500,18.60,167.20,0.001885120200,17.46,14.46,15.96,155.08,106.54,82.81,165.22,128.42,141.72
9,201601,201507,0,6,23.65,152.27,11.00,46.503500,16.78,151.10,0.001881507800,17.29,13.80,15.24,157.15,97.06,79.84,152.53,125.46,138.51
9,201602,201507,0,7,23.65,152.27,10.93,46.207900,16.40,138.42,0.002007474800,17.21,13.31,21.48,157.46,95.29,77.31,150.03,121.74,196.49
9,201603,201507,0,8,23.65,152.27,10.95,46.313900,18.10,171.54,0.001788150900,18.99,14.67,19.20,173.32,95.34,77.29,165.25,133.96,175.29
9,201604,201507,0,9,23.65,152.27,10.89,46.051800,18.20,172.53,0.001787165400,18.81,14.68,24.67,172.66,96.75,78.08,167.05,134.82,226.46
9,201605,201507,0,10,23.65,152.27,10.71,45.271000,18.49,183.72,0.001705798800,19.77,15.52,24.51,184.58,93.57,78.50,172.71,144.90,228.94
9,201606,201507,0,11,23.65,152.27,11.17,47.211700,19.03,182.30,0.001768638500,20.36,16.39,31.10,182.30,93.47,80.54,170.39,146.82,278.52
9,201607,201507,0,12,23.65,152.27,11.52,48.683900,20.17,191.25,0.001787410000,21.03,18.05,29.93,182.60,95.94,85.84,175.19,156.74,259.95
9,201608,201507,0,13,23.65,152.27,11.00,46.486700,17.92,174.95,0.001736087200,19.16,16.09,28.25,174.28,93.53,83.95,163.01,146.32,256.95
9,201609,201507,0,14,23.65,152.27,10.58,44.724500,16.62,168.55,0.001670919800,19.01,15.11,34.44,179.67,87.44,79.50,157.11,142.85,325.52
9,201610,201507,0,15,23.65,152.27,11.29,47.735900,18.40,197.33,0.001579997600,20.18,16.42,42.44,178.71,91.19,81.35,162.96,145.38,375.86
9,201611,201507,0,16,23.65,152.27,11.34,47.959000,18.25,193.64,0.001597189000,19.59,15.67,69.56,172.67,93.18,79.98,160.89,138.11,613.21
9,201612,201507,0,17,23.65,152.27,11.85,50.117100,21.49,237.22,0.001534887300,20.30,17.17,59.31,171.21,105.87,84.59,181.26,144.83,500.30
9,201701,201507,0,18,23.65,152.27,11.04,46.659600,18.08,202.51,0.001513002400,17.89,14.94,31.66,162.14,101.05,83.50,163.83,135.38,286.87
9,201702,201507,0,19,23.65,152.27,11.30,47.791700,18.53,194.83,0.001611225600,18.83,15.74,52.73,166.58,98.38,83.57,163.88,139.20,466.47
9,201703,201507,0,20,23.65,152.27,11.85,50.106000,21.52,245.71,0.001484218000,21.94,17.93,59.86,185.13,98.09,81.72,181.59,151.28,505.04
9,201704,201507,0,21,23.65,152.27,11.38,48.098400,18.99,210.78,0.001526767000,19.72,16.06,45.23,173.31,96.32,81.47,166.93,141.19,397.60
9,201705,201507,0,22,23.65,152.27,11.19,47.295300,20.66,235.78,0.001484974300,21.37,17.65,32.66,191.00,96.70,82.60,184.70,157.76,291.94
9,201706,201507,0,23,23.65,152.27,11.33,47.880900,20.65,222.73,0.001571092000,21.10,18.35,35.39,186.28,97.88,86.97,182.34,162.02,312.48
9,201707,201507,0,24,23.65,152.27,11.39,48.165300,20.26,220.90,0.001554063100,21.01,18.52,37.07,184.39,96.44,88.15,177.82,162.53,325.41
9,201708,201507,0,25,23.65,152.27,11.12,47.027700,18.71,211.60,0.001498652000,19.49,16.68,25.69,175.21,96.02,85.57,168.24,149.93,230.94
10,201508,201508,1,0,23.71,156.98,23.71,100.000000,22.14,132.63,0.002829061900,24.04,21.07,15.99,101.43,92.09,87.62,93.40,88.88,67.47
10,201509,201508,0,1,23.71,156.98,14.15,59.676200,18.06,127.05,0.002408059800,21.83,16.67,12.99,154.30,82.72,76.37,127.63,117.83,91.83
10,201510,201508,0,2,23.71,156.98,12.77,53.861600,17.19,140.60,0.002072179600,19.70,15.31,12.64,154.25,87.30,77.74,134.66,119.91,99.01
10,201511,201508,0,3,23.71,156.98,11.25,47.451600,15.94,136.74,0.001974759000,17.63,13.63,13.13,156.73,90.39,77.28,141.66,121.13,116.68
10,201512,201508,0,4,23.71,156.98,11.14,47.000900,17.81,167.20,0.001804787100,16.61,13.90,14.25,149.12,107.19,83.65,159.83,124.74,127.87
10,201601,201508,0,5,23.71,156.98,10.70,45.153600,15.71,151.10,0.001761439600,16.26,12.98,13.84,151.90,96.60,79.83,146.74,121.27,129.34
10,201602,201508,0,6,23.71,156.98,10.63,44.853100,15.42,138.42,0.001887819300,16.43,12.58,19.92,154.53,93.85,76.58,145.03,118.34,187.39
10,201603,201508,0,7,23.71,156.98,10.70,45.120200,16.89,171.54,0.001668401400,17.96,13.68,17.62,167.88,94.06,76.17,157.91,127.87,164.69
10,201604,201508,0,8,23.71,156.98,10.63,44.830800,17.14,172.53,0.001683008900,17.82,13.89,22.71,167.71,96.14,77.95,161.24,130.73,213.69
10,201605,201508,0,9,23.71,156.98,10.49,44.263300,17.58,183.72,0.001621314600,18.86,14.87,22.04,179.73,93.21,78.84,167.52,141.70,210.08
10,201606,201508,0,10,23.71,156.98,10.86,45.815700,17.75,182.30,0.001649903100,19.24,15.41,27.39,177.16,92.25,80.11,163.43,141.93,252.18
10,201607,201508,0,11,23.71,156.98,11.06,46.644800,18.44,191.25,0.001633523600,19.34,16.66,25.41,174.93,95.31,86.14,166.73,150.68,229.81
10,201608,201508,0,12,23.71,156.98,10.68,45.053400,16.58,174.95,0.001606016300,18.04,15.04,25.19,168.90,91.91,83.37,155.25,140.82,235.83
10,201609,201508,0,13,23.71,156.98,10.25,43.245000,15.50,168.55,0.001558166000,18.16,14.06,32.04,177.17,85.33,77.43,151.18,137.18,312.57
10,201610,201508,0,14,23.71,156.98,10.76,45.376100,16.95,197.33,0.001455190900,19.01,15.16,37.25,176.69,89.16,79.74,157.54,140.90,346.27
10,201611,201508,0,15,23.71,156.98,10.96,46.249700,17.19,193.64,0.001504317000,18.67,14.86,64.84,170.32,92.06,79.60,156.79,135.58,591.41
10,201612,201508,0,16,23.71,156.98,11.33,47.796600,19.87,237.22,0.001419517200,18.94,15.99,54.07,167.14,104.93,84.44,175.38,141.12,477.24
10,201701,201508,0,17,23.71,156.98,10.61,44.752900,16.81,202.51,0.001406585900,16.75,13.96,28.67,157.89,100.35,83.33,158.45,131.56,270.28
10,201702,201508,0,18,23.71,156.98,10.89,45.921400,16.99,194.83,0.001477489800,17.59,14.53,48.30,161.61,96.56,82.61,156.05,133.51,443.64
10,201703,201508,0,19,23.71,156.98,11.09,46.800600,19.63,245.71,0.001353908500,20.32,16.51,54.56,183.17,96.60,81.23,176.95,148.80,491.81
10,201704,201508,0,20,23.71,156.98,10.92,46.049400,17.85,210.78,0.001435195500,18.64,15.15,42.03,170.75,95.77,81.28,163.54,138.79,385.03
10,201705,201508,0,21,23.71,156.98,10.66,44.958800,18.75,235.78,0.001347415000,19.76,16.21,29.16,185.44,94.86,82.02,175.91,152.09,273.61
10,201706,201508,0,22,23.71,156.98,10.78,45.459600,18.52,222.73,0.001409358000,19.39,16.53,31.48,179.91,95.54,85.27,171.90,153.42,292.15
10,201707,201508,0,23,23.71,156.98,10.57,44.597200,18.19,220.90,0.001395099400,19.08,16.64,32.52,180.47,95.32,87.23,172.02,157.42,307.63
10,201708,201508,0,24,23.71,156.98,10.53,44.408000,17.29,211.60,0.001384551400,18.35,15.44,24.10,174.27,94.24,84.19,164.23,146.71,228.96
11,201509,201509,1,0,29.59,162.87,29.59,100.000000,25.29,127.05,0.003373268100,29.42,22.74,19.95,99.41,85.97,77.28,85.46,76.83,67.42
11,201510,201509,0,1,29.59,162.87,18.18,61.432500,23.62,140.60,0.002846859600,29.05,21.02,17.53,159.80,81.31,72.34,129.93,115.59,96.43
11,201511,201509,0,2,29.59,162.87,15.80,53.391900,21.12,136.74,0.002617885800,24.91,18.16,17.92,157.63,84.81,72.92,133.70,114.95,113.40
11,201512,201509,0,3,29.59,162.87,15.00,50.681900,22.59,167.20,0.002289505300,22.08,17.74,18.79,147.20,102.33,80.36,150.62,118.28,125.25
11,201601,201509,0,4,29.59,162.87,14.50,49.010500,20.50,151.10,0.002298750800,21.97,16.93,18.13,151.46,93.31,77.08,141.33,116.74,125.01
11,201602,201509,0,5,29.59,162.87,14.36,48.538100,20.36,138.42,0.002492382800,22.20,16.57,25.25,154.52,91.72,74.65,141.73,115.35,175.81
11,201603,201509,0,6,29.59,162.87,14.52,49.072900,21.80,171.54,0.002153266800,24.15,17.80,23.34,166.28,90.27,73.72,150.10,122.58,160.73
11,201604,201509,0,7,29.59,162.87,14.04,47.450500,21.69,172.53,0.002130121900,23.31,17.61,29.41,165.99,93.04,75.56,154.44,125.43,209.42
11,201605,201509,0,8,29.59,162.87,13.92,47.036000,22.28,183.72,0.002055236200,24.63,18.77,28.25,176.94,90.47,76.19,160.08,134.81,202.96
11,201606,201509,0,9,29.59,162.87,14.13,47.762500,22.32,182.30,0.002075027300,24.51,19.23,35.58,173.41,91.07,78.46,157.93,136.06,251.70
11,201607,201509,0,10,29.59,162.87,13.74,46.429800,22.10,191.25,0.001958038000,23.36,19.76,30.72,170.03,94.59,84.56,160.83,143.78,223.56
11,201608,201509,0,11,29.59,162.87,13.27,44.852000,19.70,174.95,0.001907899500,21.62,17.78,28.51,162.89,91.10,82.23,148.40,133.94,214.79
11,201609,201509,0,12,29.59,162.87,13.63,46.042100,20.03,168.55,0.002014150700,23.55,17.98,40.67,172.87,85.05,76.34,147.03,131.98,298.47
11,201610,201509,0,13,29.59,162.87,14.32,48.377600,22.52,197.33,0.001934031300,25.30,20.12,48.48,176.72,89.02,79.54,157.31,140.56,338.63
11,201611,201509,0,14,29.59,162.87,14.35,48.484600,21.97,193.64,0.001923032900,24.08,18.85,80.10,167.84,91.25,78.25,153.15,131.34,558.24
11,201612,201509,0,15,29.59,162.87,14.60,49.344800,25.11,237.22,0.001793715700,24.13,20.17,66.57,165.27,104.04,83.58,171.95,138.13,455.86
11,201701,201509,0,16,29.59,162.87,13.77,46.514500,21.37,202.51,0.001788171500,21.46,17.73,36.86,155.90,99.58,82.61,155.24,128.78,267.78
11,201702,201509,0,17,29.59,162.87,14.23,48.092400,22.06,194.83,0.001918698100,23.09,18.77,59.58,162.24,95.54,81.29,155.00,131.87,418.60
11,201703,201509,0,18,29.59,162.87,14.75,49.848500,25.25,245.71,0.001741646100,26.41,21.15,67.73,179.06,95.61,80.05,171.19,143.34,459.11
11,201704,201509,0,19,29.59,162.87,14.20,47.989800,22.68,210.78,0.001823245200,24.14,19.22,52.04,170.00,93.93,79.60,159.69,135.33,366.42
11,201705,201509,0,20,29.59,162.87,13.96,47.178600,24.26,235.78,0.001743558900,25.59,20.64,36.63,183.25,94.82,80.65,173.76,147.80,262.38
11,201706,201509,0,21,29.59,162.87,13.98,47.227700,23.69,222.73,0.001802637600,24.53,20.82,39.31,175.50,96.60,84.89,169.52,148.98,281.25
11,201707,201509,0,22,29.59,162.87,13.29,44.910000,22.21,220.90,0.001703888200,23.33,20.09,38.93,175.50,95.23,86.14,167.12,151.17,292.95
11,201708,201509,0,23,29.59,162.87,13.11,44.312700,21.49,211.60,0.001721155500,22.71,19.07,29.82,173.20,94.62,83.97,163.89,145.44,227.43
12,201510,201510,1,0,24.62,167.76,24.62,100.000000,22.83,140.60,0.002751229600,24.11,19.73,15.26,97.91,94.69,81.83,92.71,80.12,61.98
12,201511,201510,0,1,24.62,167.76,14.47,58.756100,19.62,136.74,0.002431576600,22.22,16.75,13.67,153.59,88.30,75.39,135.63,115.79,94.46
12,201512,201510,0,2,24.62,167.76,13.12,53.270500,20.51,167.20,0.002078947600,19.09,15.84,14.10,145.54,107.46,82.99,156.39,120.79,107.50
12,201601,201510,0,3,24.62,167.76,12.60,51.186600,17.84,151.10,0.002001009200,18.41,14.67,13.93,146.06,96.93,79.68,141.57,116.37,110.50
12,201602,201510,0,4,24.62,167.76,12.28,49.858000,17.48,138.42,0.002140397400,18.36,14.16,20.10,149.53,95.24,77.12,142.42,115.32,163.77
12,201603,201510,0,5,24.62,167.76,12.40,50.372300,18.60,171.54,0.001837546100,19.65,14.94,17.28,158.40,94.68,76.04,149.98,120.44,139.35
12,201604,201510,0,6,24.62,167.76,11.73,47.650900,18.36,172.53,0.001802944400,18.79,14.74,21.90,160.18,97.67,78.42,156.45,125.61,186.69
12,201605,201510,0,7,24.62,167.76,11.69,47.495600,18.36,183.72,0.001693454300,19.81,15.38,21.16,169.35,92.70,77.66,157.00,131.51,180.95
12,201606,201510,0,8,24.62,167.76,11.70,47.517000,18.14,182.30,0.001686014900,19.35,15.64,26.07,165.34,93.76,80.83,155.03,133.66,222.82
12,201607,201510,0,9,24.62,167.76,11.43,46.434900,18.32,191.25,0.001622917200,19.05,16.32,24.34,166.59,96.17,85.66,160.20,142.70,212.90
12,201608,201510,0,10,24.62,167.76,11.01,44.709900,16.30,174.95,0.001579020400,17.45,14.60,22.55,158.48,93.44,83.70,148.08,132.66,204.81
12,201609,201510,0,11,24.62,167.76,10.94,44.431300,16.38,168.55,0.001647152500,18.35,14.65,30.83,167.75,89.27,79.82,149.76,133.89,281.83
12,201610,201510,0,12,24.62,167.76,11.72,47.613400,18.40,197.33,0.001580198000,20.04,16.29,38.06,170.91,91.84,81.32,156.96,138.98,324.67
12,201611,201510,0,13,24.62,167.76,11.79,47.897400,18.30,193.64,0.001601562700,19.43,15.57,66.29,164.76,94.19,80.14,155.18,132.04,562.12
12,201612,201510,0,14,24.62,167.76,12.07,49.038400,20.74,237.22,0.001481544200,19.41,16.59,55.55,160.77,106.84,85.47,171.77,137.42,460.08
12,201701,201510,0,15,24.62,167.76,11.37,46.193800,17.92,202.51,0.001499428700,17.51,14.84,31.19,153.95,102.33,84.73,157.54,130.45,274.25
12,201702,201510,0,16,24.62,167.76,11.73,47.656300,18.18,194.83,0.001580854300,18.42,15.41,48.98,157.00,98.66,83.64,154.90,131.31,417.42
12,201703,201510,0,17,24.62,167.76,12.19,49.525900,21.14,245.71,0.001457923600,21.35,17.62,54.58,175.04,99.04,82.56,173.36,144.52,447.62
12,201704,201510,0,18,24.62,167.76,11.80,47.929500,18.89,210.78,0.001518567000,19.37,15.98,40.84,164.13,97.52,82.48,160.06,135.37,346.09
12,201705,201510,0,19,24.62,167.76,11.55,46.911700,19.83,235.78,0.001425067800,20.19,16.90,28.91,174.80,98.20,83.71,171.66,146.32,250.32
12,201706,201510,0,20,24.62,167.76,11.43,46.413500,19.36,222.73,0.001473290400,19.42,17.09,30.55,169.96,99.70,87.99,169.45,149.54,267.36
12,201707,201510,0,21,24.62,167.76,11.03,44.784900,18.29,220.90,0.001402896000,18.73,16.74,31.31,169.89,97.62,89.37,165.85,151.84,283.89
12,201708,201510,0,22,24.62,167.76,10.78,43.793900,17.80,211.60,0.001425457000,18.03,15.76,22.42,167.19,98.73,87.41,165.07,146.13,207.90
13,201511,201511,1,0,21.82,172.10,21.82,100.000000,20.88,136.74,0.002587768100,21.13,17.25,16.70,96.81,98.84,81.66,95.69,79.05,76.50
13,201512,201511,0,1,21.82,172.10,13.17,60.338500,20.32,167.20,0.002059160700,19.35,15.82,13.99,146.95,105.00,81.78,154.30,120.17,106.22
13,201601,201511,0,2,21.82,172.10,12.06,55.267500,16.93,151.10,0.001898682200,17.51,13.77,13.06,145.14,96.72,78.64,140.37,114.13,108.29
13,201602,201511,0,3,21.82,172.10,11.51,52.722900,16.33,138.42,0.001999654200,17.10,13.11,19.20,148.64,95.51,76.67,141.96,113.96,166.84
13,201603,201511,0,4,21.82,172.10,11.46,52.505300,17.23,171.54,0.001701764800,18.16,13.81,16.76,158.51,94.85,76.04,150.35,120.53,146.27
13,201604,201511,0,5,21.82,172.10,10.69,48.975500,16.62,172.53,0.001632299900,17.07,13.33,19.81,159.72,97.35,78.09,155.49,124.73,185.37
13,201605,201511,0,6,21.82,172.10,10.52,48.195800,16.89,183.72,0.001557876600,17.72,14.01,20.05,168.51,95.29,79.03,160.58,133.18,190.58
13,201606,201511,0,7,21.82,172.10,10.48,48.020600,16.71,182.30,0.001553131700,17.63,14.27,23.42,168.20,94.79,80.97,159.44,136.18,223.45
13,201607,201511,0,8,21.82,172.10,10.25,46.956800,16.67,191.25,0.001476990200,17.34,14.87,21.99,169.21,96.14,85.77,162.67,145.14,214.63
13,201608,201511,0,9,21.82,172.10,9.75,44.660000,14.46,174.95,0.001400710200,15.71,12.98,21.32,161.14,92.08,82.65,148.37,133.19,218.72
13,201609,201511,0,10,21.82,172.10,9.69,44.394100,14.56,168.55,0.001463627500,16.71,13.19,28.35,172.43,87.15,78.95,150.26,136.13,292.58
13,201610,201511,0,11,21.82,172.10,10.41,47.694200,16.22,197.33,0.001393208700,17.89,14.54,34.75,171.87,90.69,81.28,155.87,139.71,333.89
13,201611,201511,0,12,21.82,172.10,10.60,48.582700,16.55,193.64,0.001448684800,17.80,14.20,61.07,167.91,92.99,79.77,156.14,133.95,575.99
13,201612,201511,0,13,21.82,172.10,10.95,50.190400,19.19,237.22,0.001370764100,18.18,15.40,53.39,166.01,105.53,84.67,175.19,140.55,487.48
13,201701,201511,0,14,21.82,172.10,10.28,47.095800,16.28,202.51,0.001361930800,16.18,13.47,29.75,157.43,100.59,83.23,158.36,131.04,289.43
13,201702,201511,0,15,21.82,172.10,10.59,48.534300,16.65,194.83,0.001447704600,17.18,14.16,46.90,162.15,96.91,82.44,157.15,133.67,442.82
13,201703,201511,0,16,21.82,172.10,10.91,49.990900,18.94,245.71,0.001306515100,19.42,15.89,51.28,178.04,97.53,81.80,173.65,145.65,470.00
13,201704,201511,0,17,21.82,172.10,10.50,48.117300,16.90,210.78,0.001358732600,17.37,14.33,37.92,165.42,97.30,82.52,160.95,136.50,361.07
13,201705,201511,0,18,21.82,172.10,10.12,46.370500,17.75,235.78,0.001275899400,18.24,15.10,26.45,180.24,97.33,82.77,175.43,149.19,261.39
13,201706,201511,0,19,21.82,172.10,10.14,46.479300,17.49,222.73,0.001330768900,17.65,15.45,28.63,174.04,99.08,87.50,172.44,152.28,282.27
13,201707,201511,0,20,21.82,172.10,9.70,44.430300,16.65,220.90,0.001277135000,17.04,15.13,28.62,175.74,97.70,88.78,171.70,156.02,295.13
13,201708,201511,0,21,21.82,172.10,9.51,43.553900,15.89,211.60,0.001272592600,16.38,14.16,20.06,172.29,97.04,86.45,167.19,148.95,211.02
14,201512,201512,1,0,22.41,176.56,22.41,100.000000,24.01,167.20,0.002433060600,19.60,17.90,21.31,87.45,122.47,91.33,107.11,79.87,95.08
14,201601,201512,0,1,22.41,176.56,11.86,52.933600,16.03,151.10,0.001798239900,16.59,13.07,12.95,139.82,96.66,78.80,135.15,110.18,109.18
14,201602,201512,0,2,22.41,176.56,11.16,49.779300,15.53,138.42,0.001901452200,16.06,12.34,18.59,143.98,96.68,76.80,139.20,110.57,166.58
14,201603,201512,0,3,22.41,176.56,10.91,48.655300,16.43,171.54,0.001622545600,16.86,13.08,16.39,154.60,97.42,77.55,150.61,119.90,150.25
14,201604,201512,0,4,22.41,176.56,10.19,45.442200,15.60,172.53,0.001532036100,15.94,12.46,20.10,156.51,97.85,78.17,153.14,122.34,197.37
14,201605,201512,0,5,22.41,176.56,9.79,43.682700,15.20,183.72,0.001401595300,15.98,12.59,17.34,163.19,95.11,78.81,155.20,128.60,177.08
14,201606,201512,0,6,22.41,176.56,9.79,43.659200,15.38,182.30,0.001429398700,16.08,13.03,22.03,164.28,95.65,81.06,157.14,133.17,225.16
14,201607,201512,0,7,22.41,176.56,9.65,43.047100,15.31,191.25,0.001356236000,15.68,13.62,20.65,162.51,97.62,86.84,158.64,141.13,213.97
14,201608,201512,0,8,22.41,176.56,9.23,41.169900,13.52,174.95,0.001309628600,14.46,12.06,19.63,156.65,93.53,83.44,146.52,130.71,212.67
14,201609,201512,0,9,22.41,176.56,8.99,40.116500,13.29,168.55,0.001336184600,14.96,11.93,26.02,166.41,88.82,79.74,147.81,132.70,289.41
14,201610,201512,0,10,22.41,176.56,9.74,43.435500,15.05,197.33,0.001292541300,16.43,13.28,32.92,168.71,91.64,80.87,154.60,136.44,338.10
14,201611,201512,0,11,22.41,176.56,10.10,45.071500,15.61,193.64,0.001365900800,16.47,13.31,59.02,163.04,94.76,80.78,154.50,131.71,584.19
14,201612,201512,0,12,22.41,176.56,10.54,47.042900,18.90,237.22,0.001349781300,17.34,15.03,53.12,164.42,108.99,86.71,179.20,142.57,503.82
14,201701,201512,0,13,22.41,176.56,9.81,43.771000,15.36,202.51,0.001285021400,15.14,12.67,27.22,154.33,101.42,83.70,156.53,129.18,277.47
14,201702,201512,0,14,22.41,176.56,10.00,44.600700,15.92,194.83,0.001384510100,15.98,13.41,44.35,159.84,99.62,83.90,159.23,134.10,443.67
14,201703,201512,0,15,22.41,176.56,10.27,45.836500,18.09,245.71,0.001247591000,18.13,15.01,50.35,176.43,99.80,82.80,176.08,146.08,490.06
14,201704,201512,0,16,22.41,176.56,9.85,43.959300,15.75,210.78,0.001266047200,16.02,13.24,36.20,162.55,98.32,82.67,159.83,134.38,367.41
14,201705,201512,0,17,22.41,176.56,9.47,42.235000,16.72,235.78,0.001202019300,16.93,14.14,25.65,178.82,98.80,83.52,176.67,149.34,270.91
14,201706,201512,0,18,22.41,176.56,9.44,42.099700,16.13,222.73,0.001227355600,16.34,14.04,27.30,173.14,98.74,85.91,170.96,148.74,289.30
14,201707,201512,0,19,22.41,176.56,9.25,41.258200,15.32,220.90,0.001175471700,15.82,13.83,28.04,171.07,96.86,87.42,165.70,149.55,303.22
14,201708,201512,0,20,22.41,176.56,8.98,40.063600,14.70,211.60,0.001177514800,15.03,12.93,19.80,167.35,97.84,86.05,163.74,144.00,220.54
15,201601,201601,1,0,21.36,180.81,21.36,100.000000,20.93,151.10,0.002347005500,19.96,16.88,18.33,93.46,104.83,84.55,97.98,79.02,85.84
15,201602,201601,0,1,21.36,180.81,12.90,60.377900,18.83,138.42,0.002305494800,19.69,15.26,22.18,152.65,95.66,77.51,146.03,118.31,171.99
15,201603,201601,0,2,21.36,180.81,12.13,56.790000,18.65,171.54,0.001842004700,19.63,15.13,17.79,161.85,94.98,77.09,153.73,124.77,146.70
15,201604,201601,0,3,21.36,180.81,11.26,52.695600,17.43,172.53,0.001711968000,17.97,14.12,21.63,159.67,96.99,78.60,154.86,125.49,192.15
15,201605,201601,0,4,21.36,180.81,10.64,49.805500,16.85,183.72,0.001554263400,17.82,14.07,19.46,167.51,94.56,78.97,158.40,132.28,182.90
15,201606,201601,0,5,21.36,180.81,10.61,49.669600,16.55,182.30,0.001538581300,17.39,14.24,23.31,163.89,95.20,81.90,156.02,134.22,219.76
15,201607,201601,0,6,21.36,180.81,10.22,47.854000,16.33,191.25,0.001447118600,16.99,14.79,21.32,166.18,96.15,87.05,159.79,144.67,208.56
15,201608,201601,0,7,21.36,180.81,9.68,45.322100,14.40,174.95,0.001394905800,15.32,12.96,20.46,158.24,94.01,84.63,148.77,133.92,211.40
15,201609,201601,0,8,21.36,180.81,9.41,44.062200,14.04,168.55,0.001411920500,15.78,12.63,27.50,167.69,88.98,80.05,149.22,134.25,292.16
15,201610,201601,0,9,21.36,180.81,10.05,47.069700,15.61,197.33,0.001340120400,16.99,14.02,33.83,168.95,91.88,82.52,155.22,139.41,336.47
15,201611,201601,0,10,21.36,180.81,10.31,48.267800,16.03,193.64,0.001402593300,17.09,13.86,59.73,165.79,93.77,81.09,155.46,134.44,579.40
15,201612,201601,0,11,21.36,180.81,10.80,50.577400,18.69,237.22,0.001334914200,17.46,15.04,52.21,161.67,107.00,86.14,172.98,139.25,483.26
15,201701,201601,0,12,21.36,180.81,10.07,47.168500,16.26,202.51,0.001360965800,15.70,13.44,28.61,155.83,103.60,85.59,161.44,133.38,284.02
15,201702,201601,0,13,21.36,180.81,10.30,48.243100,16.22,194.83,0.001410700500,16.43,13.85,45.00,159.47,98.70,84.28,157.41,134.41,436.69
15,201703,201601,0,14,21.36,180.81,10.69,50.071000,18.71,245.71,0.001290081500,18.75,15.70,50.03,175.32,99.77,83.75,174.91,146.83,467.79
15,201704,201601,0,15,21.36,180.81,10.17,47.619300,16.24,210.78,0.001305777500,16.64,13.82,36.98,163.56,97.64,83.10,159.69,135.91,363.54
15,201705,201601,0,16,21.36,180.81,9.75,45.637000,16.94,235.78,0.001217230200,17.12,14.54,25.39,175.66,98.91,84.93,173.75,149.18,260.48
15,201706,201601,0,17,21.36,180.81,9.71,45.470300,16.35,222.73,0.001243658300,16.52,14.51,27.08,170.10,98.95,87.80,168.31,149.36,278.78
15,201707,201601,0,18,21.36,180.81,9.40,44.019000,15.66,220.90,0.001201221200,16.04,14.41,27.37,170.65,97.60,89.79,166.55,153.22,291.12
15,201708,201601,0,19,21.36,180.81,9.16,42.901300,14.70,211.60,0.001177423400,15.31,13.15,20.26,167.05,96.05,85.91,160.45,143.50,221.12
16,201602,201602,1,0,24.85,185.75,24.85,100.000000,23.76,138.42,0.002908740600,24.38,18.79,33.20,98.11,97.45,77.06,95.60,75.61,133.59
16,201603,201602,0,1,24.85,185.75,15.29,61.530700,22.07,171.54,0.002179646600,25.11,17.82,22.45,164.23,87.86,70.97,144.30,116.55,146.84
16,201604,201602,0,2,24.85,185.75,13.66,54.954600,20.28,172.53,0.001991554100,21.96,16.40,25.27,160.79,92.34,74.67,148.47,120.06,185.02
16,201605,201602,0,3,24.85,185.75,12.74,51.271200,19.46,183.72,0.001794842700,21.80,16.30,23.97,171.11,89.25,74.78,152.72,127.95,188.09
16,201606,201602,0,4,24.85,185.75,12.55,50.517500,19.12,182.30,0.001777550300,20.87,16.40,28.15,166.25,91.62,78.58,152.32,130.64,224.22
16,201607,201602,0,5,24.85,185.75,12.15,48.898700,18.79,191.25,0.001664942500,20.23,16.90,26.61,166.46,92.90,83.53,154.63,139.05,219.00
16,201608,201602,0,6,24.85,185.75,11.45,46.080400,16.19,174.95,0.001568573700,18.00,14.65,24.69,157.18,89.97,81.41,141.41,127.96,215.56
16,201609,201602,0,7,24.85,185.75,11.19,45.013500,15.85,168.55,0.001593682200,18.77,14.29,32.10,167.83,84.43,76.12,141.70,127.75,286.98
16,201610,201602,0,8,24.85,185.75,11.88,47.789400,17.80,197.33,0.001528762900,20.22,15.95,40.40,170.23,88.06,78.90,149.90,134.31,340.15
16,201611,201602,0,9,24.85,185.75,12.21,49.126900,18.14,193.64,0.001587417500,20.18,15.69,69.77,165.28,89.89,77.77,148.58,128.54,571.45
16,201612,201602,0,10,24.85,185.75,12.48,50.204300,21.23,237.22,0.001516545700,20.54,17.21,59.28,164.64,103.35,83.78,170.16,137.94,475.11
16,201701,201602,0,11,24.85,185.75,11.73,47.189600,18.04,202.51,0.001509210900,18.22,14.91,33.02,155.40,98.97,81.83,153.79,127.17,281.52
16,201702,201602,0,12,24.85,185.75,11.98,48.192800,18.59,194.83,0.001616726800,19.40,15.80,55.59,161.99,95.81,81.43,155.20,131.91,464.12
16,201703,201602,0,13,24.85,185.75,12.41,49.944300,21.51,245.71,0.001483577000,22.32,17.96,59.74,179.86,96.36,80.47,173.31,144.73,481.27
16,201704,201602,0,14,24.85,185.75,11.75,47.263900,18.47,210.78,0.001485050600,19.52,15.75,43.93,166.16,94.65,80.71,157.27,134.10,374.03
16,201705,201602,0,15,24.85,185.75,11.26,45.321400,19.27,235.78,0.001384680000,20.22,16.58,29.64,179.48,95.31,82.03,171.06,147.22,263.11
16,201706,201602,0,16,24.85,185.75,11.32,45.549600,18.72,222.73,0.001424096000,19.46,16.67,32.28,171.90,96.19,85.65,165.35,147.23,285.17
16,201707,201602,0,17,24.85,185.75,10.81,43.495600,17.93,220.90,0.001375442200,18.75,16.42,32.07,173.45,95.63,87.58,165.87,151.90,296.64
16,201708,201602,0,18,24.85,185.75,10.68,42.986000,17.08,211.60,0.001367685900,18.06,15.23,22.97,169.04,94.57,84.33,159.87,142.54,215.04
17,201603,201603,1,0,24.51,190.63,24.51,100.000000,22.74,171.54,0.002246698000,23.16,18.00,24.66,94.46,98.21,77.71,92.78,73.41,100.61
17,201604,201603,0,1,24.51,190.63,14.05,57.293500,19.37,172.53,0.001902451100,21.15,15.65,21.96,150.56,91.60,73.99,137.91,111.40,156.36
17,201605,201603,0,2,24.51,190.63,12.74,51.950500,18.43,183.72,0.001699784000,20.41,15.46,20.22,160.30,90.27,75.72,144.71,121.38,158.76
17,201606,201603,0,3,24.51,190.63,12.32,50.255600,17.92,182.30,0.001666015300,19.82,15.47,25.35,160.88,90.43,78.03,145.48,125.54,205.74
17,201607,201603,0,4,24.51,190.63,11.93,48.684400,17.40,191.25,0.001541816800,18.64,15.72,23.04,156.15,93.37,84.34,145.80,131.69,193.07
17,201608,201603,0,5,24.51,190.63,10.87,44.336800,14.83,174.95,0.001436642000,16.42,13.39,20.89,151.11,90.31,81.53,136.46,123.20,192.23
17,201609,201603,0,6,24.51,190.63,10.84,44.223800,14.81,168.55,0.001489266300,17.59,13.56,29.65,162.30,84.19,77.05,136.64,125.06,273.54
17,201610,201603,0,7,24.51,190.63,11.49,46.881900,16.47,197.33,0.001414000900,18.78,14.84,36.36,163.43,87.66,79.03,143.27,129.16,316.36
17,201611,201603,0,8,24.51,190.63,11.65,47.522200,16.71,193.64,0.001462217000,18.39,14.47,63.21,157.88,90.85,78.66,143.43,124.19,542.55
17,201612,201603,0,9,24.51,190.63,11.97,48.845800,19.47,237.22,0.001390769500,18.84,15.74,54.03,157.31,103.36,83.58,162.59,131.49,451.21
17,201701,201603,0,10,24.51,190.63,11.12,45.369900,16.32,202.51,0.001365203300,16.53,13.65,28.96,148.60,98.72,82.58,146.69,122.71,260.37
17,201702,201603,0,11,24.51,190.63,11.40,46.510600,16.97,194.83,0.001475523900,17.44,14.40,47.99,152.92,97.30,82.59,148.79,126.30,420.90
17,201703,201603,0,12,24.51,190.63,11.87,48.420800,19.57,245.71,0.001349786000,20.10,16.33,52.06,169.35,97.36,81.25,164.89,137.60,438.57
17,201704,201603,0,13,24.51,190.63,11.26,45.945700,16.79,210.78,0.001350136600,17.68,14.33,38.05,157.00,94.97,81.03,149.11,127.22,337.80
17,201705,201603,0,14,24.51,190.63,10.59,43.185400,17.65,235.78,0.001268558300,18.26,15.15,26.51,172.45,96.68,82.99,166.73,143.12,250.43
17,201706,201603,0,15,24.51,190.63,10.61,43.293000,16.81,222.73,0.001279278900,17.55,15.00,28.08,165.35,95.82,85.46,158.43,141.30,264.59
17,201707,201603,0,16,24.51,190.63,10.28,41.931700,15.96,220.90,0.001223963200,16.69,14.58,27.96,162.39,95.59,87.32,155.22,141.79,272.05
17,201708,201603,0,17,24.51,190.63,10.18,41.506600,15.46,211.60,0.001238081500,16.23,13.78,21.03,159.55,95.23,84.88,151.94,135.43,206.71
18,201604,201604,1,0,21.59,194.92,21.59,100.000000,20.92,172.53,0.002054469300,20.77,16.28,35.31,96.18,100.71,78.36,96.87,75.37,163.51
18,201605,201604,0,1,21.59,194.92,12.19,56.459600,17.56,183.72,0.001619439700,19.78,14.69,19.85,162.25,88.76,74.25,144.01,120.48,162.80
18,201606,201604,0,2,21.59,194.92,11.61,53.765800,16.27,182.30,0.001512390400,17.79,13.89,22.44,153.19,91.48,78.10,140.14,119.64,193.31
18,201607,201604,0,3,21.59,194.92,10.85,50.229100,15.84,191.25,0.001403748900,16.96,14.17,20.98,156.35,93.42,83.56,146.07,130.64,193.42
18,201608,201604,0,4,21.59,194.92,9.98,46.215900,13.57,174.95,0.001314704400,14.81,12.12,20.01,148.41,91.64,81.84,136.01,121.46,200.49
18,201609,201604,0,5,21.59,194.92,9.74,45.104100,13.03,168.55,0.001309914500,15.41,11.87,25.08,158.20,84.56,77.01,133.77,121.83,257.49
18,201610,201604,0,6,21.59,194.92,10.28,47.620800,14.34,197.33,0.001231228900,16.15,12.81,32.02,157.03,88.79,79.34,139.43,124.59,311.38
18,201611,201604,0,7,21.59,194.92,10.30,47.712400,14.33,193.64,0.001253672000,15.94,12.34,56.54,154.68,89.89,77.41,139.05,119.73,548.73
18,201612,201604,0,8,21.59,194.92,10.70,49.538800,16.79,237.22,0.001199701300,16.38,13.56,46.42,153.14,102.52,82.80,157.00,126.81,433.97
18,201701,201604,0,9,21.59,194.92,9.78,45.281300,14.01,202.51,0.001172267700,14.30,11.58,24.73,146.20,98.00,81.00,143.27,118.42,252.89
18,201702,201604,0,10,21.59,194.92,10.02,46.411300,14.60,194.83,0.001269807600,15.24,12.46,40.00,152.03,95.82,81.79,145.68,124.34,399.08
18,201703,201604,0,11,21.59,194.92,10.51,48.683600,16.84,245.71,0.001161625400,17.72,14.07,46.14,168.54,95.07,79.41,160.22,133.83,438.94
18,201704,201604,0,12,21.59,194.92,10.03,46.441900,14.66,210.78,0.001178400400,15.58,12.47,32.91,155.40,94.05,80.01,146.16,124.34,328.14
18,201705,201604,0,13,21.59,194.92,9.76,45.208000,15.62,235.78,0.001122586200,16.49,13.40,24.09,168.89,94.74,81.25,160.00,137.22,246.78
18,201706,201604,0,14,21.59,194.92,9.60,44.450600,15.17,222.73,0.001153788000,15.69,13.43,24.83,163.43,96.68,85.61,157.99,139.91,258.68
18,201707,201604,0,15,21.59,194.92,9.26,42.899000,14.48,220.90,0.001111053500,15.24,13.24,25.59,164.56,95.01,86.87,156.35,142.95,276.29
18,201708,201604,0,16,21.59,194.92,9.03,41.830100,13.73,211.60,0.001099238900,14.45,12.29,18.54,159.94,95.01,85.10,151.96,136.10,205.25
19,201605,201605,1,0,19.80,198.86,19.80,100.000000,18.58,183.72,0.001713889200,19.13,15.26,22.43,96.62,97.14,79.80,93.85,77.10,113.27
19,201606,201605,0,1,19.80,198.86,11.51,58.134600,15.86,182.30,0.001473850700,18.00,13.60,21.37,156.36,88.10,75.55,137.76,118.14,185.64
19,201607,201605,0,2,19.80,198.86,10.39,52.478300,14.69,191.25,0.001301193100,16.08,13.28,18.77,154.80,91.31,82.59,141.34,127.84,180.67
19,201608,201605,0,3,19.80,198.86,9.54,48.194500,12.63,174.95,0.001222878300,14.34,11.38,16.60,150.27,88.05,79.33,132.31,119.21,173.95
19,201609,201605,0,4,19.80,198.86,9.01,45.489700,11.89,168.55,0.001195794400,14.26,10.76,20.35,158.30,83.43,75.44,132.06,119.42,225.90
19,201610,201605,0,5,19.80,198.86,9.41,47.535000,13.22,197.33,0.001135212800,15.04,11.89,26.65,159.84,87.88,79.05,140.47,126.35,283.22
19,201611,201605,0,6,19.80,198.86,9.33,47.148600,12.99,193.64,0.001136854700,14.40,11.26,44.66,154.29,90.20,78.15,139.17,120.59,478.43
19,201612,201605,0,7,19.80,198.86,9.45,47.734800,14.70,237.22,0.001049844800,14.27,11.90,39.11,151.03,102.97,83.35,155.51,125.88,413.84
19,201701,201605,0,8,19.80,198.86,8.72,44.024000,12.51,202.51,0.001046547100,12.62,10.40,20.83,144.80,99.09,82.38,143.49,119.30,238.98
19,201702,201605,0,9,19.80,198.86,9.05,45.716200,12.84,194.83,0.001117068300,13.36,10.96,34.05,147.55,96.17,82.09,141.90,121.13,376.19
19,201703,201605,0,10,19.80,198.86,9.45,47.721500,15.08,245.71,0.001040235400,15.62,12.71,37.13,165.31,96.57,81.35,159.64,134.48,392.96
19,201704,201605,0,11,19.80,198.86,9.02,45.543000,13.50,210.78,0.001085402900,14.24,11.41,29.59,157.90,94.82,80.16,149.73,126.57,328.19
19,201705,201605,0,12,19.80,198.86,8.85,44.690200,14.30,235.78,0.001027678500,15.07,12.28,20.49,170.29,94.90,81.48,161.61,138.75,231.59
19,201706,201605,0,13,19.80,198.86,8.77,44.303800,13.83,222.73,0.001052142700,14.24,12.25,21.07,162.38,97.09,86.01,157.66,139.67,240.16
19,201707,201605,0,14,19.80,198.86,8.33,42.072000,13.21,220.90,0.001013438900,13.63,12.09,22.20,163.63,96.93,88.71,158.60,145.16,266.46
19,201708,201605,0,15,19.80,198.86,8.15,41.159200,12.38,211.60,0.000991734600,13.07,11.08,15.77,160.41,94.74,84.77,151.97,135.98,193.51
20,201606,201606,1,0,26.81,204.19,26.81,100.000000,23.73,182.30,0.002206107500,26.75,20.54,56.48,99.75,88.74,76.80,88.51,76.61,210.63
20,201607,201606,0,1,26.81,204.19,14.80,55.209600,20.59,191.25,0.001824320300,23.52,18.72,26.28,158.91,87.53,79.59,139.09,126.48,177.54
20,201608,201606,0,2,26.81,204.19,13.19,49.188300,17.30,174.95,0.001675911600,20.16,15.75,23.42,152.88,85.81,78.09,131.19,119.38,177.53
20,201609,201606,0,3,26.81,204.19,12.22,45.557900,15.64,168.55,0.001572078700,19.21,14.22,28.22,157.27,81.39,74.02,128.01,116.41,230.99
20,201610,201606,0,4,26.81,204.19,12.41,46.295700,16.72,197.33,0.001435929900,19.72,15.19,36.86,158.82,84.81,77.02,134.70,122.33,296.92
20,201611,201606,0,5,26.81,204.19,12.27,45.749700,16.42,193.64,0.001437201000,18.65,14.26,61.02,152.01,88.08,76.49,133.88,116.27,497.46
20,201612,201606,0,6,26.81,204.19,12.34,46.020300,18.52,237.22,0.001322854100,18.44,15.04,50.02,149.42,100.44,81.59,150.07,121.91,405.34
20,201701,201606,0,7,26.81,204.19,11.19,41.735500,15.21,202.51,0.001272750800,15.88,12.77,24.92,141.87,95.81,80.43,135.92,114.11,222.67
20,201702,201606,0,8,26.81,204.19,11.48,42.827600,15.56,194.83,0.001353515300,16.90,13.36,41.87,147.14,92.10,79.07,135.52,116.34,364.61
20,201703,201606,0,9,26.81,204.19,12.02,44.815000,18.20,245.71,0.001255398900,19.64,15.32,47.31,163.42,92.70,78.04,151.49,127.53,393.74
20,201704,201606,0,10,26.81,204.19,11.45,42.699700,15.88,210.78,0.001276282900,17.54,13.62,35.90,153.21,90.50,77.65,138.66,118.97,313.55
20,201705,201606,0,11,26.81,204.19,11.24,41.922500,17.05,235.78,0.001225696300,18.75,14.74,25.79,166.84,90.94,78.57,151.72,131.09,229.45
20,201706,201606,0,12,26.81,204.19,11.41,42.571800,17.13,222.73,0.001303329800,18.48,15.36,27.46,161.90,92.69,83.11,150.07,134.55,240.55
20,201707,201606,0,13,26.81,204.19,10.79,40.254800,16.15,220.90,0.001238858500,17.57,14.94,27.67,162.78,91.92,85.02,149.62,138.38,256.35
20,201708,201606,0,14,26.81,204.19,10.46,39.010200,15.37,211.60,0.001230499600,16.76,13.80,20.13,160.28,91.65,82.31,146.90,131.93,192.48
21,201607,201607,1,0,26.54,209.47,26.54,100.000000,25.93,191.25,0.002297894700,26.02,22.92,33.80,98.03,99.67,88.08,97.70,86.35,127.33
21,201608,201607,0,1,26.54,209.47,14.06,52.981500,18.14,174.95,0.001757313000,21.15,16.64,25.31,150.38,85.79,78.67,129.00,118.30,179.99
21,201609,201607,0,2,26.54,209.47,12.38,46.645800,15.83,168.55,0.001591046200,18.86,14.53,28.52,152.35,83.89,77.01,127.81,117.33,230.33
21,201610,201607,0,3,26.54,209.47,12.59,47.445800,16.91,197.33,0.001452078400,19.04,15.38,37.36,151.16,88.82,80.79,134.27,122.13,296.66
21,201611,201607,0,4,26.54,209.47,12.37,46.601100,16.50,193.64,0.001443801300,18.49,14.48,63.80,149.46,89.24,78.32,133.38,117.05,515.76
21,201612,201607,0,5,26.54,209.47,12.51,47.142700,19.05,237.22,0.001360943000,18.33,15.63,52.94,146.51,103.92,85.26,152.25,124.92,423.07
21,201701,201607,0,6,26.54,209.47,11.39,42.899000,15.69,202.51,0.001312763700,15.91,13.22,28.23,139.74,98.59,83.07,137.77,116.08,247.90
21,201702,201607,0,7,26.54,209.47,11.57,43.589700,16.12,194.83,0.001402278700,16.71,13.96,45.89,144.44,96.47,83.52,139.34,120.63,396.64
21,201703,201607,0,8,26.54,209.47,12.03,45.309100,18.57,245.71,0.001281018200,19.21,15.84,48.27,159.69,96.72,82.46,154.44,131.67,401.34
21,201704,201607,0,9,26.54,209.47,11.49,43.296600,16.34,210.78,0.001313255900,17.34,14.12,37.81,150.89,94.20,81.42,142.14,122.85,328.96
21,201705,201607,0,10,26.54,209.47,11.15,42.009500,17.13,235.78,0.001231300400,18.22,14.95,26.06,163.39,94.03,82.03,153.64,134.04,233.66
21,201706,201607,0,11,26.54,209.47,11.17,42.079100,17.19,222.73,0.001307950100,18.00,15.50,27.83,161.18,95.49,86.12,153.91,138.80,249.12
21,201707,201607,0,12,26.54,209.47,11.27,42.456800,17.14,220.90,0.001315081800,18.26,15.95,28.37,162.02,93.89,87.38,152.12,141.57,251.74
21,201708,201607,0,13,26.54,209.47,10.81,40.727500,16.09,211.60,0.001288244700,17.20,14.57,20.73,159.12,93.51,84.72,148.80,134.81,191.77
22,201608,201608,1,0,22.85,214.01,22.85,100.000000,20.39,174.95,0.001975183300,21.41,17.93,35.92,93.68,95.25,83.74,89.23,78.44,157.17
22,201609,201608,0,1,22.85,214.01,12.33,53.947800,15.88,168.55,0.001596361800,19.86,14.46,27.79,161.10,79.94,72.78,128.79,117.25,225.38
22,201610,201608,0,2,22.85,214.01,11.78,51.546800,15.94,197.33,0.001368639500,18.89,14.38,35.47,160.31,84.39,76.16,135.29,122.09,301.12
22,201611,201608,0,3,22.85,214.01,11.41,49.942300,15.60,193.64,0.001365416800,17.78,13.54,57.41,155.77,87.76,76.17,136.70,118.65,503.00
22,201612,201608,0,4,22.85,214.01,11.22,49.076500,17.29,237.22,0.001235051600,17.05,14.12,47.24,151.99,101.42,82.85,154.15,125.93,421.21
22,201701,201608,0,5,22.85,214.01,10.07,44.055200,14.00,202.51,0.001171130400,14.47,11.66,23.77,143.70,96.73,80.60,139.01,115.83,236.06
22,201702,201608,0,6,22.85,214.01,10.29,45.024800,14.47,194.83,0.001258155500,15.55,12.40,40.18,151.16,93.00,79.72,140.58,120.51,390.49
22,201703,201608,0,7,22.85,214.01,10.50,45.959800,16.54,245.71,0.001140393900,17.48,13.97,43.59,166.41,94.60,79.94,157.43,133.04,414.97
22,201704,201608,0,8,22.85,214.01,10.12,44.263000,14.48,210.78,0.001163979200,15.86,12.47,33.21,156.82,91.27,78.59,143.13,123.25,328.27
22,201705,201608,0,9,22.85,214.01,9.70,42.462200,15.00,235.78,0.001078295000,16.15,12.92,21.52,166.42,92.90,80.01,154.61,133.16,221.76
22,201706,201608,0,10,22.85,214.01,9.57,41.896600,14.57,222.73,0.001108275700,15.48,13.03,23.12,161.63,94.12,84.22,152.14,136.12,241.42
22,201707,201608,0,11,22.85,214.01,9.42,41.238600,14.56,220.90,0.001116840700,15.49,13.32,25.15,164.33,94.01,86.00,154.48,141.33,266.89
22,201708,201608,0,12,22.85,214.01,9.33,40.817300,13.85,211.60,0.001109273700,14.91,12.52,18.07,159.87,92.88,83.92,148.49,134.17,193.72
23,201609,201609,1,0,27.14,219.41,27.14,100.000000,22.78,168.55,0.002290144300,27.07,19.89,48.78,99.76,84.14,73.47,83.94,73.29,179.74
23,201610,201609,0,1,27.14,219.41,16.84,62.049200,21.63,197.33,0.001857286700,27.88,19.84,55.08,165.54,77.59,71.19,128.44,117.85,327.09
23,201611,201609,0,2,27.14,219.41,15.75,58.034400,20.59,193.64,0.001802158100,25.17,18.08,85.64,159.80,81.83,71.86,130.76,114.83,543.76
23,201612,201609,0,3,27.14,219.41,15.26,56.216600,22.36,237.22,0.001597062200,23.18,18.31,64.96,151.95,96.44,78.98,146.55,120.01,425.81
23,201701,201609,0,4,27.14,219.41,13.60,50.131200,17.75,202.51,0.001485389500,19.39,14.89,32.02,142.56,91.53,76.80,130.48,109.48,235.34
23,201702,201609,0,5,27.14,219.41,13.58,50.024300,18.21,194.83,0.001583582700,20.30,15.72,52.24,149.55,89.68,77.45,134.12,115.82,384.78
23,201703,201609,0,6,27.14,219.41,13.95,51.399800,20.78,245.71,0.001432862600,23.36,17.65,58.35,167.47,88.94,75.57,148.95,126.56,418.29
23,201704,201609,0,7,27.14,219.41,13.03,48.016900,17.73,210.78,0.001425306900,20.24,15.26,42.23,155.30,87.61,75.42,136.06,117.12,324.06
23,201705,201609,0,8,27.14,219.41,12.48,45.975500,18.80,235.78,0.001351150400,21.27,16.28,29.72,170.44,88.40,76.57,150.68,130.51,238.17
23,201706,201609,0,9,27.14,219.41,12.32,45.382500,17.92,222.73,0.001363120600,19.89,16.02,31.46,161.51,90.07,80.54,145.48,130.08,255.43
23,201707,201609,0,10,27.14,219.41,11.48,42.301000,16.73,220.90,0.001283558000,18.49,15.42,31.09,161.07,90.49,83.39,145.76,134.32,270.81
23,201708,201609,0,11,27.14,219.41,11.27,41.533000,16.04,211.60,0.001284520200,17.83,14.49,24.01,158.19,89.96,81.26,142.31,128.54,212.98
24,201610,201610,1,0,34.79,226.33,34.79,100.000000,32.02,197.33,0.002749246500,34.90,27.79,82.85,100.32,91.73,79.62,92.03,79.88,238.16
24,201611,201610,0,1,34.79,226.33,21.14,60.779600,27.18,193.64,0.002378849900,32.20,23.48,120.49,152.31,84.41,72.91,128.56,111.06,569.84
24,201612,201610,0,2,34.79,226.33,20.11,57.795600,28.96,237.22,0.002068856900,29.50,23.58,89.29,146.72,98.18,79.94,144.05,117.29,444.08
24,201701,201610,0,3,34.79,226.33,17.66,50.777300,22.86,202.51,0.001912816200,24.07,19.06,45.38,136.25,94.98,79.20,129.41,107.90,256.92
24,201702,201610,0,4,34.79,226.33,17.53,50.398100,23.12,194.83,0.002011126800,25.06,19.79,69.36,142.91,92.29,78.98,131.89,112.87,395.62
24,201703,201610,0,5,34.79,226.33,18.06,51.911000,26.95,245.71,0.001858365600,28.80,22.63,74.76,159.48,93.56,78.59,149.21,125.34,413.97
24,201704,201610,0,6,34.79,226.33,16.61,47.740200,22.55,210.78,0.001813183000,24.50,19.32,52.93,147.49,92.07,78.86,135.80,116.32,318.70
24,201705,201610,0,7,34.79,226.33,15.56,44.741000,22.96,235.78,0.001649816500,24.90,19.83,35.21,159.98,92.19,79.65,147.49,127.41,226.22
24,201706,201610,0,8,34.79,226.33,15.34,44.104000,22.27,222.73,0.001694366900,23.78,19.96,37.53,154.96,93.67,83.94,145.15,130.07,244.60
24,201707,201610,0,9,34.79,226.33,14.35,41.256500,20.83,220.90,0.001598263500,22.58,19.19,37.69,157.35,92.26,84.99,145.17,133.74,262.59
24,201708,201610,0,10,34.79,226.33,14.10,40.532300,19.97,211.60,0.001599254400,21.40,17.83,27.68,151.74,93.33,83.33,141.63,126.45,196.33
25,201611,201611,1,0,38.13,233.91,38.13,100.000000,34.57,193.64,0.003025089800,35.44,28.36,168.72,92.96,97.53,80.02,90.66,74.38,442.52
25,201612,201611,0,1,38.13,233.91,23.28,61.060000,33.79,237.22,0.002413588900,33.39,27.22,100.14,143.41,101.20,81.52,145.13,116.90,430.13
25,201701,201611,0,2,38.13,233.91,19.59,51.383800,25.66,202.51,0.002147296400,26.08,21.24,50.47,133.11,98.40,81.46,130.98,108.43,257.60
25,201702,201611,0,3,38.13,233.91,19.70,51.664000,26.66,194.83,0.002318917300,27.33,22.50,79.66,138.76,97.54,82.31,135.35,114.22,404.41
25,201703,201611,0,4,38.13,233.91,20.08,52.667300,30.26,245.71,0.002086932700,31.21,25.22,83.43,155.42,96.96,80.79,150.69,125.57,415.49
25,201704,201611,0,5,38.13,233.91,18.26,47.900100,25.01,210.78,0.002010239400,25.97,21.16,60.48,142.20,96.28,81.47,136.91,115.85,331.15
25,201705,201611,0,6,38.13,233.91,16.53,43.350900,25.17,235.78,0.001808669300,25.80,21.49,39.10,156.06,97.56,83.29,152.25,129.99,236.54
25,201706,201611,0,7,38.13,233.91,16.27,42.672800,24.37,222.73,0.001853966100,24.59,21.62,41.31,151.16,99.08,87.92,149.77,132.90,253.89
25,201707,201611,0,8,38.13,233.91,15.28,40.064300,23.18,220.90,0.001778524300,23.80,21.29,41.43,155.78,97.43,89.45,151.77,139.35,271.25
25,201708,201611,0,9,38.13,233.91,15.08,39.542000,22.43,211.60,0.001796486800,23.06,20.09,30.24,152.95,97.28,87.12,148.79,133.25,200.57
26,201612,201612,1,0,40.21,241.90,40.21,100.000000,42.29,237.22,0.003020698400,36.02,31.65,124.22,89.58,117.38,87.85,105.15,78.69,308.89
26,201701,201612,0,1,40.21,241.90,20.73,51.551400,26.37,202.51,0.002206957000,26.38,21.47,45.64,127.24,99.99,81.38,127.22,103.54,220.16
26,201702,201612,0,2,40.21,241.90,20.25,50.357500,26.57,194.83,0.002310660200,26.81,22.22,74.35,132.37,99.11,82.87,131.19,109.70,367.12
26,201703,201612,0,3,40.21,241.90,20.49,50.944600,30.14,245.71,0.002078274900,29.96,24.71,74.42,146.25,100.58,82.49,147.09,120.64,363.27
26,201704,201612,0,4,40.21,241.90,18.29,45.486700,24.90,210.78,0.002001649000,25.11,20.72,51.60,137.26,99.16,82.52,136.11,113.27,282.08
26,201705,201612,0,5,40.21,241.90,16.62,41.337600,24.76,235.78,0.001779854900,24.91,20.97,33.25,149.84,99.42,84.20,148.97,126.16,200.03
26,201706,201612,0,6,40.21,241.90,16.35,40.655300,23.81,222.73,0.001811287900,23.90,20.94,33.99,146.17,99.62,87.63,145.61,128.09,207.92
26,201707,201612,0,7,40.21,241.90,15.58,38.739800,22.39,220.90,0.001717263900,22.49,20.28,35.79,144.39,99.52,90.18,143.69,130.20,229.74
26,201708,201612,0,8,40.21,241.90,15.05,37.424600,21.30,211.60,0.001706101500,21.68,18.74,26.36,144.02,98.28,86.44,141.55,124.49,175.12
27,201701,201701,1,0,24.23,246.72,24.23,100.000000,21.92,202.51,0.001834034200,20.09,17.20,49.07,82.91,109.11,85.61,90.46,70.97,202.50
27,201702,201701,0,1,24.23,246.72,13.40,55.307600,17.47,194.83,0.001519453400,17.98,14.59,47.19,134.16,97.17,81.16,130.36,108.89,352.10
27,201703,201701,0,2,24.23,246.72,12.86,53.086600,18.42,245.71,0.001270623200,18.74,15.12,43.99,145.73,98.29,80.67,143.23,117.55,341.98
27,201704,201701,0,3,24.23,246.72,11.65,48.089300,15.56,210.78,0.001250887900,16.06,13.01,29.63,137.84,96.87,81.01,133.53,111.67,254.25
27,201705,201701,0,4,24.23,246.72,10.36,42.738200,15.25,235.78,0.001095962700,15.43,12.89,19.74,149.00,98.83,83.55,147.25,124.48,190.60
27,201706,201701,0,5,24.23,246.72,10.13,41.801900,14.64,222.73,0.001114167000,14.64,12.77,19.46,144.52,100.04,87.21,144.58,126.03,192.13
27,201707,201701,0,6,24.23,246.72,9.49,39.183500,13.73,220.90,0.001053400800,13.95,12.35,20.54,146.96,98.41,88.49,144.63,130.04,216.35
27,201708,201701,0,7,24.23,246.72,9.17,37.860600,13.01,211.60,0.001041707100,13.32,11.42,15.07,145.18,97.67,85.75,141.79,124.49,164.29
28,201702,201702,1,0,26.84,252.06,26.84,100.000000,24.28,194.83,0.002111485200,22.78,19.36,74.11,84.90,106.56,84.97,90.47,72.14,276.17
28,201703,201702,0,1,26.84,252.06,15.14,56.426600,21.13,245.71,0.001456898800,22.12,17.22,49.20,146.08,95.50,77.84,139.51,113.71,324.92
28,201704,201702,0,2,26.84,252.06,13.06,48.670400,16.92,210.78,0.001360552100,17.87,14.02,32.99,136.82,94.70,78.46,129.57,107.36,252.61
28,201705,201702,0,3,26.84,252.06,11.60,43.224400,16.43,235.78,0.001180633600,17.29,13.92,20.15,149.09,94.99,80.46,141.62,119.96,173.68
28,201706,201702,0,4,26.84,252.06,10.93,40.732400,15.14,222.73,0.001151632800,15.58,13.14,20.02,142.51,97.17,84.36,138.48,120.21,183.18
28,201707,201702,0,5,26.84,252.06,10.18,37.945400,14.11,220.90,0.001082641300,14.53,12.72,21.33,142.73,97.10,87.49,138.60,124.87,209.47
28,201708,201702,0,6,26.84,252.06,9.75,36.318500,13.59,211.60,0.001088238000,13.82,11.92,13.84,141.79,98.33,86.22,139.43,122.26,142.00
29,201703,201703,1,0,27.83,257.59,27.83,100.000000,25.51,245.71,0.001759006800,24.07,19.86,68.64,86.49,105.95,82.48,91.64,71.34,246.62
29,201704,201703,0,1,27.83,257.59,13.89,49.917100,16.97,210.78,0.001364420500,18.48,14.21,31.40,133.03,91.82,76.88,122.16,102.28,225.99
29,201705,201703,0,2,27.83,257.59,12.11,43.524000,15.98,235.78,0.001148365000,17.06,13.55,20.95,140.81,93.67,79.46,131.90,111.89,172.91
29,201706,201703,0,3,27.83,257.59,11.63,41.789500,14.98,222.73,0.001139323400,15.67,13.02,19.01,134.71,95.57,83.10,128.75,111.95,163.45
29,201707,201703,0,4,27.83,257.59,10.46,37.566900,13.84,220.90,0.001061429600,14.66,12.52,20.80,140.19,94.40,85.38,132.33,119.69,198.93
29,201708,201703,0,5,27.83,257.59,9.95,35.766100,12.78,211.60,0.001023622600,13.54,11.25,13.56,136.02,94.40,83.06,128.40,112.98,136.19
30,201704,201704,1,0,20.29,261.63,20.29,100.000000,17.92,210.78,0.001440322200,17.22,14.14,34.72,84.90,104.02,82.08,88.31,69.68,171.13
30,201705,201704,0,1,20.29,261.63,10.04,49.473300,13.35,235.78,0.000959606000,14.79,11.37,16.37,147.37,90.27,76.86,133.03,113.28,163.07
30,201706,201704,0,2,20.29,261.63,9.09,44.817900,11.75,222.73,0.000893592500,12.71,10.35,14.62,139.82,92.39,81.41,129.18,113.83,160.77
30,201707,201704,0,3,20.29,261.63,8.29,40.864800,10.79,220.90,0.000827761600,11.70,9.79,15.15,141.15,92.22,83.63,130.16,118.04,182.76
30,201708,201704,0,4,20.29,261.63,7.77,38.303000,10.04,211.60,0.000804174900,10.84,8.93,11.19,139.53,92.62,82.35,129.23,114.90,144.02
31,201705,201705,1,0,18.06,265.22,18.06,100.000000,16.77,235.78,0.001205090900,16.58,13.94,20.85,91.79,101.16,84.10,92.86,77.20,115.46
31,201706,201705,0,1,18.06,265.22,9.38,51.943000,12.09,222.73,0.000920029300,13.01,10.65,13.43,138.67,92.97,81.88,128.92,113.55,143.16
31,201707,201705,0,2,18.06,265.22,7.88,43.659600,10.38,220.90,0.000795953200,11.30,9.36,13.33,143.32,91.83,82.82,131.61,118.70,169.04
31,201708,201705,0,3,18.06,265.22,7.42,41.103000,9.41,211.60,0.000753910100,10.25,8.34,8.88,138.08,91.86,81.34,126.84,112.32,119.68
32,201706,201706,1,0,18.36,268.87,18.36,100.000000,17.18,222.73,0.001307282100,16.83,14.58,21.91,91.68,102.09,86.60,93.60,79.40,119.33
32,201707,201706,0,1,18.36,268.87,9.45,51.458500,12.46,220.90,0.000955723900,14.20,11.53,17.88,150.29,87.75,81.22,131.88,122.07,189.29
32,201708,201706,0,2,18.36,268.87,8.40,45.782400,10.61,211.60,0.000849767900,11.97,9.54,10.59,142.39,88.66,79.75,126.25,113.56,125.99
33,201707,201707,1,0,17.49,272.35,17.49,100.000000,16.66,220.90,0.001278221600,16.43,14.78,23.76,93.91,101.44,89.95,95.27,84.48,135.82
33,201708,201707,0,1,17.49,272.35,8.54,48.823500,10.60,211.60,0.000849045400,12.24,9.50,11.85,143.33,86.62,77.64,124.15,111.29,138.76
34,201708,201708,1,0,15.13,275.36,15.13,100.000000,13.52,211.60,0.001082353900,13.68,11.57,14.28,90.44,98.76,84.57,89.32,76.49,94.35
